album_id,name,lastfm_playcount,lastfm_listeners,artist_id
1,1989,5153810,56798,2
2,x,1128578,25634,4
3,In the Lonely Hour,1314365,71085,5
4,Jealous,0,1,7
6,Shake It Off,520856,107117,2
7,All About That Bass,1120982,198065,6
8,For You,884742,76258,11
9,American Beauty / American Psycho,471062,9903,13
10,No Type,132447,33039,16
11,Truth Serum,1498939,183685,21
12,Hot Boy,16445,4805,25
13,1000 Forms of Fear,0,0,15
14,Native,0,0,29
15,Rude,685258,135263,33
16,Something In the Water,60787,19077,36
17,Sledgehammer,0,1,39
18,Love Me Like You Do,577865,98653,40
19,Try Me,43250,15204,42
20,Let It Go,266442,48886,43
21,Moonshine In The Trunk,93825,11694,52
22,The Big Revival,88627,13984,57
23,I Don't Dance,10247,1284,62
24,"Old Boots, New Dirt",82702,6528,63
25,A.M.,0,1,66
26,2014 Forest Hills Drive,1338966,65810,71
27,Fuse,435151,24120,75
28,Cole Swindell,112026,12242,80
29,Blank Space,15738,4126,81
30,Take It On Back,5280,1371,83
31,Days of Gold,222950,31587,85
32,Title,478631,44807,6
33,A Guy Walks Into a Bar,22979,7171,87
34,Bringing Back the Sunshine,123650,16215,89
35,Anaconda,592650,106600,92
36,Black Star Elephant,0,0,96
37,"The Hunger Games: Mockingjay, Part 1",12852,395,98
38,Sweet Talker,732461,57953,102
39,SUCKER,1970563,69123,104
40,Can't Stop Dancin',108234,28589,106
41,Merry Christmas,2905027,480566,110
42,SremmLife,403144,34911,16
43,"Songs of Anarchy, Vol. 4",0,1,122
44,0 To 100 / The Catch Up,295040,73736,123
45,Burnin' It Down,48071,13243,63
46,Pain Killer,80948,11932,125
47,PRISM,7945394,318876,133
48,Crash My Party,889875,70838,46
49,Boom Clap,745118,137953,104
50,Girl,81329,5145,137
51,Sunshine & Whiskey,101598,17426,139
52,5 Seconds of Summer,1219496,86748,141
53,Four,1214470,13572,34
54,Am I Wrong,0,1,96
55,Maps,0,1,9
56,No Label II,141679,15648,143
57,SHMURDA SHE WROTE,40964,7896,25
58,Thriller,7868200,941444,147
59,Upside Out,124550,28625,150
60,American Kids,81539,25723,57
61,Ghost Stories,5010887,218844,151
62,Ignite The Night,0,1,159
63,Shower,637570,121470,106
64,Glenn Campbell I'll Be Me Soundtrack,165,19,163
65,Bo$$,202802,40667,39
66,The Days,407406,98656,164
67,Errrbody,0,1,167
68,Later On,24468,6757,168
69,Bartender,54088,12462,170
70,U Guessed It,2200,580,173
71,Riser,244050,32362,176
72,Anything Goes,151044,15166,47
73,Angel in Blue Jeans,92995,29908,177
74,This Is All Yours,5634998,212286,179
75,The Pinkprint,1103660,59409,92
76,The New Classic,0,0,188
77,XSCAPE,0,1,189
78,Good Kisser,98224,31411,191
79,Turn Down for What,370563,101374,192
80,V,1697675,112973,9
81,River Bank,42942,11815,52
82,Blacc Hollywood,0,1,197
83,I Don't Dance (Single),61087,15798,62
84,We Are Tonight,128975,20183,198
85,Lunatic,0,0,200
86,Lights Out,762856,64047,201
87,Shakira.,761561,28308,204
88,MKTO,663058,115407,205
89,Bad Blood,7327560,372229,206
90,I'm Ready,15377,2829,208
91,Now That's What I Call Music! 51,1382,326,210
92,Me and My Broken Heart,458041,95315,211
93,Na Na,140927,37626,186
94,Chasing the Sun,145021,14434,216
95,Not a Bad Thing,417671,93650,217
96,Pure Heroine,0,0,98
97,Happy Little Pill,152983,33052,220
98,She Twerkin,21509,7968,224
99,Love Is Everything,110424,12002,227
100,Pioneer,396117,31741,228
101,Never Regret,56275,9056,233
102,Bring You Back,203887,27546,67
103,Night Visions,0,0,59
104,Pop Psychology,374509,32862,245
105,The Blessed Unrest,1990538,114113,246
106,Ultraviolence,0,0,243
107,Magic,1506184,252888,151
108,Raging Fire,54387,16880,249
109,Xo,323319,86613,253
110,All the Little Lights,0,0,256
111,It Goes Like This,0,0,61
112,Thuga Thug,877,122,259
113,High Noon,53570,11474,263
114,More Than Just a Dream,862090,79654,264
115,Fever,521987,132329,265
116,Halcyon Days,4802065,260071,40
117,Oxymoron,1004220,40715,275
118,Based On A True Story...,446101,45999,89
119,AM,32570548,565945,285
120,Zion,459430,21244,286
121,Slow Me Down,70321,10738,289
122,Night Train,724336,46650,63
123,Unorthodox Jukebox,8752867,467937,296
124,The Andrea Faustini Collection,1423,33,291
125,ARTPOP,19937532,215422,298
126,See You Tonight,151856,22113,126
127,Tribute,0,1,302
128,Rebellious Soul,124921,8479,303
129,I Thought I Was an Alien,0,1,304
130,Megalithic Symphony,6537084,487336,306
131,Nothing Was the Same,0,0,123
132,Ordinary Love,0,1,308
133,Discrete Luxury,27414,7810,311
134,Baptized (Deluxe Version),345448,20462,312
135,The 1975,5783540,238902,313
136,Chillin' It,71879,16325,80
137,Helios,642368,40445,316
138,Friday Night,61530,15060,213
139,In a Tidal Wave of Mystery,3456678,240676,321
140,I'm Sorry...,2188373,237818,322
141,Whatever She's Got,72690,15510,323
142,Me. I Am Mariah…The Elusive Chanteuse,399465,9276,110
143,Uncaged,786644,58824,332
144,Same Trailer Different Park,1179104,58757,335
145,Tattoos,1218384,175158,91
146,Wasting All These Tears,91741,18261,340
147,Drunk Last Night,75723,18348,184
148,How I Feel,111451,31855,342
149,Save Rock and Roll,9398284,242406,13
150,Journals,977117,23358,343
151,Zendaya,421591,28860,345
152,The 20/20 Experience - 2 of 2,656587,58625,217
153,Crickets,129893,18953,193
154,The Fox,545863,99811,348
155,Sex and Love,383942,50416,357
156,Yeezus,11593212,361162,359
157,PTXmas Deluxe Edition,1123,123,101
158,Stars Dance,5341558,109472,11
159,Wrapped in Red,481204,44518,365
160,"Promo Only: Hot Video, January 2014",136,28,371
161,Two Lanes Of Freedom,0,0,43
162,Love and War,335686,21192,374
163,The 20/20 Experience,6182748,237296,217
164,Type of Way,17076,5824,376
165,Paramore,0,1,210
166,A Day Without Rain,4602333,254027,378
167,Four the Record,454475,39726,239
168,Hard 2 Love,523459,57576,62
169,Heartthrob,4357935,157892,399
170,Best I Ever Had,0,1,402
171,Here's To The Good Times,1037184,99674,47
172,Overexposed,0,0,9
173,Redneck Crazy,157441,26701,87
174,Lightning Bolt,2899327,118969,407
175,Take Back the Night,215420,60465,217
176,American Girl,121450,18642,416
177,Musikvideos Jahrescharts 2013 Top 100,80,31,418
178,All Over The Road,0,1,419
179,"The Disco Boys, Volume 14",0,1,164
180,Rubberband,53508,7821,420
181,Yours Truly,3557553,93591,100
182,Blown Away,2286451,138305,36
183,Excuse My French,0,0,433
184,Reflektor,0,0,434
185,Come & Get It,677009,112227,11
186,Ciara,1581651,85997,437
187,Turn The Night Up,39928,8484,357
188,Life On A Rock,120405,13856,57
189,Young Rich N*ggas,165068,25127,143
190,Hail To The King,0,0,444
191,Hunter Hayes (encore),162521,10639,272
192,Paradise Valley,2699996,144852,253
193,Helluva Night,11244,4133,449
194,"Too Weird to Live, Too Rare to Die!",2735055,85238,455
195,Word of Mouth,305954,12472,457
196,Tornado,0,1,125
197,The Lumineers,0,1,460
198,Babel,0,0,462
199,Demi,5932660,161546,270
200,What About Love,86268,14902,463
201,Chloe (You're the One I Want),55498,10647,464
202,True Believers,261675,38943,72
203,Up All Night,585305,78013,466
204,Barefoot Blue Jean Night,1113526,162776,85
205,Wheelhouse,186846,18766,52
206,Ooh La La,55451,4653,349
207,Greatest Hits - Chapter One,903200,51906,365
208,Avril Lavigne,4252012,99740,282
209,Fine China,237287,53021,185
210,+,14572914,480270,4
211,Halfway To Heaven,479699,71156,247
212,Get Wet,1234004,66119,482
213,Harlem Shake,0,1,484
214,Downtown,83169,21722,170
215,Chief,1518578,153612,45
216,From Here To Now To You,1387078,106608,491
217,Every Weekend,0,1,495
218,A Thousand Miles Left Behind,0,1,497
219,Talk a Good Game,442814,26181,505
220,Give It All We Got Tonight,56987,14607,227
221,Some Nights,12800918,581323,508
222,Greatest Hits,64800,3530,371
223,"Food & Liquor II: The Great American Rap Album, Part 1",28778,1160,512
224,Neon,573705,91251,66
225,"Bravo Black Hits, Volume 28",351,178,522
226,My Head Is an Animal,0,0,525
227,Pluto,695943,95897,353
228,Somewhere Somehow,241567,8720,530
229,Take Me Home,4938005,65717,34
230,Catch My Breath,245731,52391,365
231,The 2nd Law,14622061,440073,531
232,LiVe,0,1,534
233,Hunter Hayes,1302514,107783,272
234,One Way or Another (Teenage Kicks),0,1,34
235,Based on a T.R.U. Story,1036451,121342,538
236,Kaleidoscope Dream,2781951,149031,443
237,Better Dig Two,0,1,228
238,House of Balloons,5604102,145915,60
239,Hey Porsche,233074,56696,544
240,Pitch Perfect,23189,627,400
241,Finally Rich,1110209,78015,547
242,Home,479426,75831,176
243,Swimming Pools (Drank),810556,165899,127
244,Boys & Girls,0,0,554
245,Wild Ones,3513649,359890,342
246,Every Storm (Runs Out Of Rain),100292,22764,556
247,How Country Feels,349195,37955,70
248,Casey James,0,1,558
249,Back In The Saddle,79660,14448,561
250,Gossamer,8397177,450738,566
251,The Lateness Of the Hour,5044148,358820,569
252,We Are Never Ever Getting Back Together,1283734,206466,2
253,channel ORANGE,16026343,477854,574
254,Bright Lights,0,1,40
255,Live While We're Young,354510,68128,34
256,Hello My Name Is...,1079700,47986,581
257,The Truth About Love,7003983,375694,533
258,Tailgates & Tanlines,0,1,46
259,Welcome To The Fishbowl,320362,40261,57
260,Everybody Talks,843383,181690,245
261,Changed,249704,29390,251
262,California 37,2350313,177423,177
263,Chapter V,465594,35807,186
264,Unbroken,8410430,267176,270
265,I Won't Give Up,1080335,195381,613
266,Red Karaoke,10422,1625,2
267,Sticks & Stones,0,1,615
268,North,814914,35785,617
269,Talk That Talk,12687434,512259,371
270,Shinin' On Me,41078,13423,263
271,Up All Night,11295758,350629,34
272,"Glee: The Music, The Complete Season Four",403471,1912,408
273,Heart Attack,161232,36333,186
274,Jana Kramer,200301,15945,536
275,Angel Eyes,114012,30743,622
276,The Wanted,0,0,457
277,Living Things,13221242,315642,628
278,Ronan,15809,1389,2
279,Punching Bag,148791,24311,634
280,Kiss,1945412,140168,563
281,That's Why I Pray,21845,6715,124
282,¡Uno!,1802955,74661,635
283,O.N.I.F.C.,1341172,73648,197
284,Never Trust A Happy Song,5256462,377326,637
285,Push and Shove,2289943,76690,638
286,Welcome Reality,4953324,335367,640
287,The Band Perry EP,585190,190280,228
288,Own the Night,1863872,165983,170
289,Cashin' Out,166633,55395,224
290,Global Warming,1223844,148712,648
291,Believe,3983432,236474,343
292,El Camino,17828606,359966,265
293,The Video Year Mix 2012,345,98,187
294,Hello,1099226,99243,445
295,Life At Best,656602,89657,184
296,Clancy's Tavern,318759,64090,655
297,Battle Born,4772006,193237,656
298,Trouble Man: Heavy Is the Head,442564,44330,658
299,Drank In My Cup,227014,51444,666
300,My Kinda Party,2135518,240387,63
301,21,0,1,550
302,You Get What You Give,1404818,101250,332
303,Strange Clouds,0,1,676
304,Sorry for Party Rocking,5720683,519966,678
305,The Hunger Games: Songs from District 12 and Beyond,587412,44597,2
306,Born and Raised,0,0,253
307,Andy Grammer,778532,73406,680
308,Emotional Traffic,95070,9550,43
309,Red River Blue,849872,95942,89
310,Undefeated,40435,11122,91
311,Mylo Xyloto,29580625,857896,151
312,This Ole Boy,136296,32388,267
313,Well Done 2,191612,12319,689
314,100x Liefde 2014,242,46,343
315,Shake It Out,3889,624,408
316,Scary Monsters and Nice Sprites,7194273,335244,698
317,Who You Are,8741855,621213,102
318,It's Not Right But It's Okay,1825,194,408
319,Somebody That I Used To Know,8871,1475,408
320,Making Mirrors,16335865,803825,705
321,A Thousand Years,189094,29178,242
322,It Will Rain,624088,124763,296
323,Inevitable,80140,15052,186
324,Rebels On The Run,49954,7619,710
325,Hungry Like the Wolf / Rio,1258,163,408
326,Get Closer,552718,39651,75
327,Sweeter,1856484,192026,402
328,Tonight Is The Night,0,1,712
329,Amaryllis,2315026,75807,714
330,She Doesn't Mind,569530,107260,717
331,Nu Music Traxx #322,358,98,227
332,Hemingway's Whiskey,484256,67978,57
333,Ceremonials,19352561,587723,727
334,Hell Is What You Make It,2632850,134214,728
335,Torches,29399976,1110178,729
336,When the Sun Goes Down,5128511,234831,730
337,Return of Simba,10906,3377,71
338,Clear As Day,264186,33680,126
339,Young the Giant,7483577,476663,732
340,#BitchImTheShit,0,1,689
341,The Greatest Hits,1357241,326912,735
342,Fly / I Believe I Can Fly,2379,205,408
343,Cough Syrup,7891,745,408
344,What Doesn't Kill You (Stronger),3295,304,408
345,Here's To Us,2565,185,408
346,Glad You Came,3617,303,408
347,Whitney Houston,947695,199155,735
348,Doo-Wops & Hooligans,10415972,695087,296
349,Scars & Stories,1904647,136983,316
350,I Will Always Love You,1600,193,408
351,Stereo Hearts,9500,736,408
352,All of You,0,0,94
353,Human Nature,1361,152,408
354,Black Or White,3092,234,408
355,Wanna Be Startin' Somethin',1778,112,408
356,Outlaws Like Me,389269,58201,231
357,This Is Country Music,749783,84936,52
358,We Found Love,7711,694,408
359,Moves Like Jagger / Jumpin' Jack Flash,1191,119,408
360,The First Time Ever I Saw Your Face,1199,140,408
361,Amen,30944,14224,759
362,Glee: The Music Presents Glease,314397,14297,408
363,A Different Kind Of Truth,770434,46423,760
364,Fallen Empires,3033185,92882,761
365,Born to Die,0,0,243
366,Blue Slide Park,3059211,175666,702
367,Goodbye Lullaby,10554699,320000,282
368,Here And Now,0,0,762
369,Set You Free,79257,19389,765
370,Under the Mistletoe,0,1,343
371,Best Day Ever,2742574,78346,702
372,More Monsters And Sprites,1338053,74540,698
373,Science & Faith,4687705,401939,144
374,K.I.D.S.,1370491,50344,702
375,Baggage Claim,60975,24021,239
376,We Are Young,15439,2188,408
377,Do They Know It's Christmas?,155,27,408
378,Survivor / I Will Survive,5295,365,408
379,Red Solo Cup,426,73,408
380,Girls Just Want To Have Fun,1167,103,408
381,I Kissed A Girl,24021,989,408
382,Rumour Has It / Someone Like You,11563,1896,408
383,I'm the Only One,387,79,408
384,Constant Craving,1163,122,408
385,Take Care,11723017,459898,123
386,Waking Up,10629345,762469,29
387,Judge Jerrod & The Hung Jury,529162,118638,263
388,Loud,0,0,371
389,"Charleston, SC 1966",0,0,72
390,I Can't Go For That / You Make My Dreams,1096,85,408
391,Femme Fatale,0,0,349
392,Hit Me With Your Best Shot / One Way or Another,0,1,408
393,Uptown Girl,3909,400,408
394,Ronnie Dunn,178978,43543,789
395,Here For A Good Time,182183,39930,227
396,Whatever,1316382,98957,792
397,Take A Back Road,296205,52219,793
398,Last Friday Night,2909,573,408
399,Born This Way,37175501,588089,298
400,Finally Famous,1555434,200065,553
401,All I Want Is You,1830411,230079,443
402,Proud To Be Here,76676,21456,806
403,Calling All the Monsters,22290,6651,807
404,Evanescence,5434275,135344,809
405,Fix You,2694,483,408
406,Run The World (Girls),0,1,408
407,Love Don't Run,32299,11132,815
408,Rolling Papers,5805618,347860,197
409,Gucci Gucci,342974,95938,817
410,Wasting Light,16021636,615574,818
411,It's Not Unusual,3809,410,408
412,You Can't Stop The Beat,2600,281,408
413,We Got the Beat,3201,270,408
414,Enjoy Yourself,511060,115091,198
415,Let Them Talk,2890408,81245,824
416,Duets II,645612,79953,827
417,Hell On Heels,462106,50817,829
418,"Save Me, San Francisco",3003351,409852,177
419,F.A.M.E.,2351547,168662,185
420,Hands All Over,0,0,9
421,Lasers,4092994,226449,651
422,American Capitalist,3691864,133784,851
423,Young Love,2006471,139697,852
424,Hello Fear,177927,17974,857
425,I'm On One,54738,2115,123
426,"Blood, Sweat & Tears",17488,2664,862
427,Cannibal,6696384,466239,535
428,Teenage Dream,0,0,133
429,The Band Perry,1669823,187401,228
430,Holding Onto Strings Better Left to Fray,879810,77327,865
431,A Thousand Suns,16538967,356757,628
432,Haywire,481495,129620,634
433,Stitch By Stitch,2937,359,866
434,Meet the Orphans,564350,97091,867
435,Inventing Shadows,3953,729,868
436,Revolution,1700058,232051,239
437,The Bling Ring: Original Motion Picture Soundtrack,6312,469,359
438,Today Is Your Day,19713,3353,886
439,Fastlife,580495,40880,889
440,Monster,486475,67764,210
441,Nothing Like This,348903,44110,251
442,Bullets In The Gun,79598,15690,655
443,Eleven,95680,11073,740
444,Wildflower,203877,24634,891
445,Cat Daddy,32363,14255,893
446,Danger Days: The True Lives of the Fabulous Killjoys,10941519,250012,894
447,(It) Feels So Good,22610,6289,895
448,"Glee: The Music, The Complete Season Two",702368,7609,408
449,BTR,1174093,77140,901
450,Where Country Grows,43327,9773,902
451,Club Going Crazy,44667,24889,903
452,"Passion, Pain & Pleasure",0,1,186
453,I Am Woman,23156,7202,906
454,Hell: The Sequel,1325740,135257,907
455,Not Ready To Die,77845,11378,444
456,Greatest Hits... So Far!!!,1509486,55493,533
457,Are You Gonna Kiss Me Or Not,233755,104887,297
458,Craig Campbell,152170,36714,233
459,No Boys Allowed,1396233,191617,919
460,I Remember Me,731096,74677,929
461,The Incredible Machine,466333,53827,930
462,Georgia Clay,98921,19425,931
463,Need You Now,4324025,424901,170
464,"Bravo Black Hits, Volume 24",170,64,938
465,Loaded: The Best of Blake Shelton,315019,47833,89
466,Number One Hits,667737,61628,43
467,The Man I Want To Be,0,1,66
468,High Maintenance,187404,19717,942
469,Doin' My Thing,1157077,233459,46
470,What Are Words,274646,37006,948
471,The JaneDear Girls,48493,5864,952
472,"Promo Only: Country Radio, September 2010",52,28,193
473,King Of Hearts,457968,87157,955
474,My World 2.0,4139782,276976,343
475,Sigh No More,0,0,462
476,Do The John Wall,47947,18543,959
477,Wonders of the Younger,1051426,86900,964
478,31 Minutes to Takeoff,2567462,297363,966
479,Time of My Life,1750393,80017,967
480,Endgame,10163044,273900,974
481,Play On,2862080,271969,36
482,Some Kind of Trouble,2532515,107771,977
483,Brothers,0,1,265
484,Country Strong: More Music from the Motion Picture,438,27,978
485,Twang,147848,20032,227
486,Stuck Like Glue,195877,88636,930
487,American Saturday Night,0,0,52
488,"I'm Alive, I'm Dreaming",525936,38097,988
489,A Year Without Rain,1942611,156988,730
490,The Preview,1385957,208779,993
491,Hit It Again,9264,1204,765
492,Christmas Lights,637619,143602,151
493,Love Letter,436888,48418,998
494,Leave This Town,0,0,312
495,Merry Christmas II You,928909,62351,110
496,Strip Me,823029,75795,1002
497,Animal,0,0,535
498,Kaleidoscope Heart,4364299,250471,246
499,Cowboy's Back In Town,89104,19367,806
500,Man on the Moon II: The Legend of Mr. Rager,7426507,404278,588
501,It's America,1369527,309546,793
502,For Your Entertainment,10168706,387904,772
503,Streets of Gold,0,0,765
504,Still Standing,661268,134184,1013
505,Come Around Sundown,16126510,627932,1015
506,Recovery,23640696,1282071,315
507,Way Out Here,0,1,1020
508,Pink Friday,10633498,550638,92
509,Brand New Eyes,34337526,723058,210
510,On Your Side,3071107,83899,1027
511,The Nino Brown Mixtape,0,1,769
512,Thank Me Later,8528876,395031,123
513,The Script,11817588,792456,144
514,Back To Me,394146,70504,1033
515,Love Like Crazy,695711,178079,62
516,Hold You,185385,32368,1036
517,That's Why,256437,84466,267
518,La Roux,17616586,659168,1042
519,The Fame Monster,35580786,1266440,298
520,Sparks Fly,981295,122604,942
521,Cradlesong,1133990,80513,1048
522,The Element of Freedom,6966615,534519,1049
523,Telephantasm,567816,83492,1050
524,Dark Horse,12391841,526150,762
525,Breakthrough,3036085,297709,94
526,Wide Open,1236623,228059,63
527,Nightmare,13351316,294914,444
528,She Won't Be Lonely Long,85671,20031,1060
529,"Alternative Times, Volume 114",117,56,714
530,Can't Be Tamed,7052718,302797,291
531,Hannah Montana Forever,1158,111,1062
532,Now That’s What I Call Music! 76,1043,74,1063
533,Old Things New,184937,67300,193
534,Ready,2172875,134201,186
535,"Promo Only: Country Radio, March 2010",116,44,740
536,No Mercy,1812322,123499,658
537,Asylum,5485516,143499,1078
538,Replay,0,1,877
539,Another Round,173267,19268,1079
540,Glee: The Music: Journey To Regionals,6416,657,408
541,"Glee: The Music, Volume 1",3177019,233031,408
542,Bionic,0,0,609
543,Glee: The Music: Best Of Season One,2750,579,408
544,Steel Magnolia,147824,34333,1081
545,To The Sea,4012908,236286,491
546,"Glee: The Music, The Complete Season One",2081434,29452,408
547,Unstoppable,779799,103195,251
548,We Are Young Money,1785378,323795,1087
549,Keep On,591359,115969,1091
550,Greatest Hits II,644481,62235,57
551,The Foundation,1777507,136394,332
552,The Blow Up,145739,5045,71
553,Neutron Star Collision (Love Is Forever),178221,16328,531
554,Today Was a Fairytale,132622,36153,2
555,Justin Moore,1282548,231338,231
556,Kiss & Tell,4735603,561274,730
557,She Wolf,7589157,537384,204
558,BLACKsummers'night,1113299,135309,1104
559,All I Ever Wanted,8284073,522469,365
560,The Time of Our Lives,4111613,514675,291
561,Scars & Souvenirs,0,1,1109
562,Give Me A Sign (Forever And Ever),22,12,1110
563,Defying Gravity,954943,143104,75
564,Believe,932283,54387,1116
565,Smoke & Mirrors,2527987,222465,1117
566,The State vs. Radric Davis,748131,62557,1120
567,Sex Therapy: The Experience,878855,105210,237
568,Backspacer,8828312,395344,407
569,Little Bit Of Everything,885733,241026,198
570,B.o.B Presents: The Adventures of Bobby Ray,3678527,255033,676
571,Light,0,1,1136
572,The Bridge,1178908,126597,715
573,Soldier of Love,3121667,205332,1139
574,"Nu Rock Traxx, Volume 408: CAN",291,119,1143
575,Wolfgang Amadeus Phoenix,0,0,1144
576,The Sound of Madness,7598698,278308,714
577,Learn To Live,0,0,72
578,Boston's Boy,998426,220823,1146
579,Ocean Eyes,18809651,734494,1140
580,My Best Days,88525,9657,1150
581,Only by the Night,53546565,1799792,1015
582,The Fame,44912896,1655539,298
583,Pants on the Ground,1659,541,1154
584,Small Town Girl,980852,200290,1157
585,The Singles Collection,0,0,349
586,Southern Voice,1479148,305804,43
587,Feel That Fire,380242,48276,176
588,Who I Am,761202,84883,1170
589,Major Tom,0,1,1172
590,Hope for Haiti Now,16272,2044,1173
591,My World,3168371,297173,343
592,Startin' With Me,40,6,85
593,Growing Up Is Getting Old,202940,66675,1177
594,The Resistance,37969970,983736,531
595,Life Starts Now,12471460,569286,1178
596,Graffiti,2496723,317901,185
597,Rated R,15959998,806574,371
598,Dear Agony,8220516,348196,1110
599,Hot Mess,3006684,118408,1181
600,I'm About To Come Alive,569185,130924,323
601,Årsbeste 2009,1411,556,1104
602,"Promo Only: Country Radio, April 2009",70,24,66
603,Raditude,1772454,140599,1188
604,Relapse: Refill,1845065,172017,315
605,Echo,4287463,336076,1199
606,Jeremih,1020323,199580,1200
607,Greatest Hits,14063347,587649,818
608,Kings and Queens,175829,40227,1201
609,Memoirs of an Imperfect Angel,4660468,282855,110
610,MTV Unplugged,48425,12611,186
611,I Dreamed A Dream,1034201,106515,1203
612,My Paper Heart,219633,17381,1208
613,The Circle,1536632,84346,383
614,Rebelution,2376530,352184,648
615,Before I Self Destruct,1051337,55295,859
616,Love Drunk,4720827,305189,1215
617,Whatever You Like,39555,3679,1218
618,American Ride,278135,80256,655
619,21st Century Breakdown,21288689,593111,635
620,Tomorrow,942174,224111,1039
621,Cage the Elephant,8571148,569312,940
622,Good Morning,180367,83347,1226
623,Skinny Jeanz And A Mic,103699,21573,1227
624,The Fray,0,0,316
625,So Far Gone,7226998,879757,123
626,Slice,691558,85017,1233
627,Battlefield,1769989,175623,906
628,Dorrough Music,198662,74487,1234
629,Sounds Like Life,60192,24882,1235
630,Party Rock,3754336,324240,678
631,Black Gives Way to Blue,0,0,1236
632,One of the Boys,24559673,1675791,133
633,Greatest Hits,692992,19628,628
634,Anything Goes,0,0,70
635,I Look to You,1662195,134218,735
636,David Cook,2677490,135702,1240
637,City Of Black & White,1634670,208097,852
638,Losing Sleep,2058024,222284,1243
639,Love On The Inside,0,1,930
640,Imperial Blaze,1111604,53968,717
641,Full Circle,2314144,131445,1156
642,Awake,7387727,256890,1248
643,Want,11040741,454147,765
644,Jessie James,686736,88597,1249
645,Kellie Pickler,572434,133664,1157
646,Here We Go Again,6639076,308217,270
647,Grand,6722624,389449,1255
648,Coming To Terms,3108857,235883,1256
649,Viver a Vida - Internacional,6738,1930,94
650,We Started Nothing,17024603,1066795,1257
651,Celebration,7260675,353779,1258
652,Hannah Montana 3,600114,81793,1062
653,"The Hits Collection, Volume 1",31099,16612,1262
654,Everything Comes And Goes,149314,10393,1264
655,Shine,0,1,740
656,We Sing. We Dance. We Steal Things.,4993330,560467,613
657,The Introduction of Marcus Cooper,240145,31630,1225
658,That Don't Make Me A Bad Guy,232706,58136,655
659,"Lines, Vines and Trying Times",1741832,94266,534
660,Good Time,570248,127612,1276
661,Finding Beauty in Negative Spaces,7578931,588728,865
662,Back When I Knew It All,400910,124551,710
663,Big Whiskey And The Groogrux King,0,1,662
664,Nothing Personal,11777873,266430,1283
665,We Made You,156718,34167,315
666,Big Bad World,1584119,142687,964
667,Kris Allen,2092367,147781,1101
668,American Idol: Season 8,607,86,772
669,808s & Heartbreak,9866934,972139,359
670,Jet Black & Jealous,295683,74591,184
671,No Boundaries,51096,8652,772
672,Jennifer Hudson,0,0,929
673,Charice,432688,15598,1297
674,Easy Does It,401993,103380,85
675,"Promo Only: Urban Radio, February 2009",105,26,1307
676,Uncle Charlie,157241,39715,1308
677,Folie à deux,0,0,13
678,Walk This Way,1180930,94788,1312
679,iTunes Live from London,3169,220,1313
680,Troubadour,415723,113183,227
681,Swoon,6501055,246552,1319
682,Guilty Pleasure,4638190,207562,1320
683,Doll Domination,4174308,580871,1321
684,Untouched,0,1,1280
685,A Different Me,706760,111098,1322
686,Prom Queen,25601,6701,769
687,Oracular Spectacular,53719478,2162096,1323
688,Metamorphosis,6076011,378688,1327
689,Fearless,1777086,273533,1008
690,Call Me Crazy,126985,21853,1331
691,Thriving Ivory,637932,40781,1332
692,"Promo Only: Modern Rock Radio, October 2008",274,118,1333
693,Carnival Ride,3433302,365989,36
694,No Line on the Horizon,6741537,293873,308
695,Spirit,9283762,943513,1199
696,Crazy Ex-Girlfriend,1238158,203436,239
697,Good Girl Gone Bad,17434795,1567826,371
698,High Hopes & Heartbreak,184258,26167,1336
699,Jonas Brothers: The 3D Concert Experience,4644,365,534
700,Freedom,5950454,773941,916
701,19,0,0,550
702,F*** You,0,1,1310
703,The Singles Collection,24135,4229,191
704,"2008-06-06: Rock in Rio, Lisbon, Portugal",9134,2525,1351
705,Decode,510932,107316,210
706,Working on a Dream,1870762,91652,1352
707,Saving Abel,2759817,349697,1354
708,Another Cinderella Story,122367,37683,11
709,That Lonesome Song,0,0,1359
710,It's A New Day,70997,32803,1360
711,"Promo Only: Modern Rock Radio, August 2008",339,115,1109
712,Live On Red Rocks,79152,4634,1364
713,Metro Station,9341070,539464,1365
714,Take It To The Limit,2771169,232339,1366
715,Some Mad Hope,3241224,260606,810
716,Human,0,1,1369
717,Avant,271507,78131,1371
718,A Twist in My Story,4123564,290799,1374
719,Wanderlust,653746,73150,1375
720,Breakout,6019339,351938,291
721,"Radio 1's Live Lounge, Volume 4",1621,138,1043
722,Daughtry,6207725,503285,312
723,Palabras Del Silencio,366747,43897,1382
724,Viva la Vida or Death and All His Friends,0,0,151
725,Minutes to Midnight,43387465,1454255,628
726,Do You Believe Me Now,158590,46165,1389
727,5th Gear,1507741,275137,52
728,Bucky Covington,239673,60783,1391
729,All Summer Long,307097,110055,1394
730,Day & Age,22952981,876557,656
731,Departure,1868972,192186,991
732,Death Magnetic,18584280,536090,1402
733,High School Musical 3 : Nos années lycée,17,6,1404
734,As I Am,0,1,1049
735,Starting Now,486370,102820,1406
736,"Promo Only: Country Radio, May 2008",49,18,1408
737,In Orbit,908867,134337,1410
738,Gossip In The Grain,3734389,315785,1411
739,Be OK,4468664,292510,201
740,Good Girl Gone Bad: Reloaded,6315476,632177,371
741,Pocketful of Sunshine,0,0,1002
742,Dig Out Your Soul,7933145,272233,1415
743,Golden Road,1349187,272522,75
744,Tha Carter III,0,1,769
745,Paper Trail,0,1,658
746,NOW: The Hits of Summer 2012,1207,311,530
747,Holler Back,251319,72868,1422
748,RIOT!,44012363,1316767,210
749,JUST STAND UP!,19766,5794,1428
750,Boys Like Girls,11691405,720191,1215
751,Simple Times,3999534,238621,1429
752,Just Like You,1695569,329508,1322
753,"Live at Beacon Theatre, New York, USA",0,1,253
754,3 Doors Down,6739780,549239,967
755,Thirsty,290593,46163,1436
756,Exclusive: The Forever Edition,1034436,41673,185
757,E=MC²,2938181,345862,110
758,Fight With Tools,5040618,372860,1440
759,Cowboy Town,246301,63967,1441
760,Get Silly,85921,18330,770
761,Welcome to the Dollhouse,2172603,268846,1447
762,Gavin DeGraw,1877236,215753,402
763,Do You Know,0,0,1450
764,Living Hard,500361,148955,556
765,Coco,8202116,773633,94
766,Pop It! Rock it!,100,39,1454
767,Just Who I Am: Poets & Pirates,747630,212772,57
768,We Weren't Crazy,500476,122134,1458
769,Flyleaf,14494310,746380,1461
770,Dreaming Out Loud,0,1,29
771,Long Trip Alone,1153609,265427,176
772,Indestructible,14437957,501446,1078
773,Julianne Hough,533714,100185,1466
774,Identified,1685347,92394,1469
775,Still Feels Good,775377,103364,251
776,Massive R&B: Winter 2008,64,20,1471
777,Taylor Swift,0,0,2
778,Trey Day,3137322,706144,186
779,Lady Antebellum,2132311,257439,170
780,Narrow Stairs,0,1,1475
781,Prayer Of A Common Man,120225,42340,1479
782,Meet Miley Cyrus,1153498,127006,291
783,iTunes Live from SoHo,3793,1964,1486
784,Who We Are,5264813,440338,1117
785,My Life's Been A Country Song,652570,200017,561
786,Famous,2201371,273280,1489
787,Aliens & Rainbows,332346,38941,1491
788,15,0,0,1400
789,Them vs. You vs. Me,0,1,1492
790,Jonas Brothers,4230487,260308,534
791,Perfectly Clear,474583,103818,1497
792,iTunes Live from SoHo,45270,4741,2
793,Hard Candy,0,0,1258
794,Total Club Hits,470743,288799,1503
795,Sweet and Low (Live at Sweetwater Studios),352,155,1504
796,Relentless,968266,210883,63
797,It Won't Be Soon Before Long,0,0,9
798,Sean Kingston,2864209,596803,1039
799,Back Of My Lac',1772775,462860,1510
800,R&B Collection,62453,30223,1511
801,Go,856024,258485,1148
802,DAY26,1118928,248818,1517
803,If You're Going Through Hell,486702,61436,793
804,Accelerate,2735802,150609,1519
805,"Echoes, Silence, Patience & Grace",13211324,1032484,818
806,The Dutchess,0,0,50
807,Little Bit Of Life,442049,140480,267
808,The Odd Couple,5869784,335076,1526
809,Insomniatic,0,1,1528
810,Detours,0,0,426
811,Sleep Through The Static,11332130,557814,491
812,Girls and Boys,0,1,201
813,Enjoy The Ride,0,1,930
814,It Is Time For A Love Revolution,2071017,209483,1543
815,Face Off,436311,130976,1544
816,Big Dog Daddy,142150,30498,655
817,The Leak,62388,9585,769
818,Inhuman Rampage,5615012,251252,1551
819,Good Morning Revival,10854716,609402,1552
820,Exile On Mainstream,3890471,301359,617
821,Headstrong,3781961,355830,1320
822,Growing Pains,1033453,129784,1124
823,Don't Look Away,2043810,181054,1493
824,Everything Is Fine,456088,111753,634
825,"Promo Only: Country Radio, February 2008",66,21,57
826,Magic,2779675,217864,1352
827,All The Right Reasons,0,0,762
828,Hood Classics,170107,80409,1120
829,The Reminder,23781031,1067300,1561
830,Every Second Counts,4325983,393870,964
831,Waitin' In The Country,6,2,1177
832,Family,254433,33607,1568
833,Never Too Late,48255,15764,1178
834,Greatest Hits,279183,70518,289
835,Mistletoe,85033,55000,94
836,All That We Needed,7382188,675118,964
837,Brave,1956900,303508,235
838,Some Hearts,4998840,485319,36
839,Now That’s What I Call Music! 67,311,103,217
840,Continuum,21861179,1081502,253
841,Elliott Yamin,624181,94582,1576
842,Greatest Hits,1698467,103021,1577
843,Real Things,244453,87496,193
844,The Black Parade,0,0,894
845,Infinity on High,28792342,1083071,13
846,Sawdust,16471686,721947,656
847,The Best Of Nelly,53473,3046,544
848,All the Lost Souls,7805067,606326,977
849,FutureSex/LoveSounds,0,0,217
850,"Rnb Superclub, Volume 8",24,13,658
851,Time For A Change,151489,41033,1588
852,"Rnb, Volume 40",11,6,1590
853,Shodown,24,15,1593
854,Greatest Hits: The Ultimate Collection,91340,6485,383
855,Promo Only Canada Rhythm Radio: December 2007,26,17,1597
856,The Evolution of Robin Thicke,2476077,326803,237
857,Wild Child,391,136,1606
858,High School Musical 2,57948,12957,1607
859,"Love, Pain & the whole crazy thing",1011611,171929,75
860,Icky Thump,13784877,825170,1613
861,The Hit List 16,0,1,955
862,My December,0,0,365
863,VYP: Voice of the Young People,33953,3699,1614
864,Between Raising Hell And Amazing Grace,363210,90490,124
865,It Just Comes Natural,0,1,227
866,Home At Last,49868,5648,1618
867,The Paramour Sessions,9056628,448470,1327
868,"Sex, Love & Pain",20729,4341,1624
869,Doin' Somethin' Right,1102721,276231,198
870,"Greatest Hits, Volume Two: The Videos & Live At Red Rocks",645,269,1446
871,Dignity,4389362,373025,216
872,Extreme Behavior,7095148,695871,1366
873,Sinners Like Me,1560318,260201,45
874,Memory Almost Full,0,1,1630
875,Now That's What I Call Music! 46,3078,214,916
876,Dusk And Summer,5320466,371022,1632
877,Doomsday Clock,1280,783,1634
878,Black Rain,2593774,223127,1635
879,Pop Express 726P,37,23,1638
880,Like Red On A Rose,115401,17817,1276
881,Loose,17323796,1242377,1596
882,Don't You Fake It,8968934,653645,1368
883,"2008-08-07: Rehearsals: Adler Theater, Davenport, IA, USA",952,475,1634
884,B.C.: Before Curtis,44605,5014,859
885,Back to Basics,22834340,848481,609
886,I'll stand by you,1976,244,36
887,Pure BS,788145,223865,89
888,Katharine McPhee,1440864,194639,1644
889,The Road and the Radio,870816,178758,57
890,Sam's Town,38955259,1770619,656
891,Awake,3997497,209644,1374
892,Phobia,25841625,1292151,1110
893,Up to Now,4562795,319404,761
894,Life in Cartoon Motion,0,0,1649
895,Light Grenades,18370664,911631,1653
896,How to Save a Life,25872734,1369516,316
897,Massive R&B: Spring 2008,2,1,1590
898,PCD,7803610,1017975,1321
899,21,0,1,1658
900,The Best Damn Thing,14784306,791587,282
901,T.I.P. Drill,0,1,658
902,Foiled,4838715,315274,1660
903,Greatest Hits,351300,85953,556
904,III,663885,205309,193
905,One-X (Deluxe Version),145083,7891,1178
906,The Story,2692038,251828,1666
907,Greatest Hits,32721,1172,235
908,V,2761741,256012,1469
909,We Were Dead Before The Ship Even Sank,20440832,985439,1674
910,This Is It,331956,88480,1242
911,Zombies! Aliens! Vampires! Dinosaurs! And More!,289946,40413,1677
912,Introducing Joss Stone,3009425,324852,1679
913,Begin to Hope,26342116,1057157,1680
914,Costello Music,19097040,1122536,1681
915,Hillbilly Deluxe,562843,160318,1441
916,All The Stars and Boulevards,4790695,352317,1504
917,Year Zero,0,0,1684
918,Taking The Long Way,2691240,231654,1685
919,Nothing Left To Lose,3392790,362067,852
920,Wind It Up,192643,96725,134
921,Eye to the Telescope,10685155,803974,1692
922,Jason Aldean,1293486,238871,63
923,Corinne Bailey Rae,8281017,762256,1695
924,Time Well Wasted,1534896,266643,52
925,No Ordinary Girl,0,1,1697
926,Once Again,4054500,379596,135
927,...Something to Be,1540398,310978,1048
928,Not Too Late,6837257,392989,1701
929,Naked Brothers Band,6925,641,1702
930,Country Is My Rock,238937,53304,1703
931,Come What(ever) May,10044007,384878,1704
932,"Promo Only: Country Radio, October 2006",81,28,43
933,Wincing the Night Away,22504687,1084471,1707
934,Step Up,0,1,1709
935,"Promo Only: Modern Rock Radio, November 2006",846,335,1653
936,Me And My Gang,2236249,301992,251
937,Unappreciated,575750,147491,1712
938,Chris Brown,0,1,185
939,Now That's What I Call Music! 23,1142,240,828
940,The Open Door,18762045,750198,809
941,Oh No,9118629,665088,150
942,Decemberunderground,0,0,1717
943,American Dream,10842,2784,1307
944,El Mariel,674343,133075,648
945,Stadium Arcadium,37351312,1645314,791
946,Danity Kane,1172376,120124,1447
947,Pop Hits: Class of 2007,148,17,1062
948,Hate (I Really Don't Like You),74146,24860,964
949,Happy Xmas (War Is Over),2205,1028,316
950,I Loved Her First,31071,6261,1724
951,Rebels,632789,48208,1725
952,Mario Vazquez,438512,103530,1733
953,Celestial (International Version),0,0,1725
954,"Casino Royale, Volume 1: For the Hustlers",61,33,1736
955,Coming Home,183926,34864,1738
956,You Know My Name,283931,62987,1739
957,Acoustic Hearts of Winter,148198,21653,1528
958,Two Lights,769008,124400,1233
959,Your Man,1144111,256715,634
960,El tren de los momentos,0,0,1747
961,The Return,88818,22930,1748
962,"Promo Only: Mainstream Radio, August 2006",321,104,991
963,White Trash With Money,242633,64139,655
964,Brand New Girlfriend,29839,5496,815
965,Cassie,1985230,318715,1755
966,"Stand Still, Look Pretty",1194287,125510,1708
967,Into the Rush,984813,129590,1528
968,Live Session (iTunes Exclusive),1619,701,1692
969,"Steady, as She Goes",357910,91241,1768
970,The Road To Here,841268,174526,125
971,Livin' Shady,135640,33647,1771
972,Ananda,0,1,1772
973,A Public Affair,0,0,1450
974,Fireflies,406961,52054,788
975,Paris,0,1,1777
976,Cannonball,103467,21614,1356
977,Under the Iron Sea,13082336,846573,1778
978,The Cheetah Girls 2,1230,152,1779
979,Let Love In,1700938,127098,1446
980,Tough All Over,496182,147989,556
981,Wreck of the Day,4536619,461910,1787
982,Louder Now,11478980,452150,1788
983,Now That's What I Call Music! 22,984,209,1763
984,Bittersweet World,2150787,189273,1792
985,Love Story,36006,4635,43
986,Three Chord Country and American Rock & Roll,665485,163176,1412
987,The Day Has Come,435535,64813,1796
988,See You on the Other Side,5168671,368674,1798
989,Revelations,0,1,1799
990,Breakaway,15484827,1240606,365
991,Left for Dead,463622,88538,1800
992,Soundtrack To Your Life,430991,50922,1801
993,Gettin' Some,64313,37592,1803
994,Unwritten,0,0,1002
995,Modern Day Drifter,1037795,254007,176
996,Greatest Hits,89755,19339,124
997,Platinum Slow Jams 21 (Mixed by DJ Finesse),1192,751,1806
998,Have A Nice Day,2927000,218275,383
999,King Of Kings,741021,129793,867
1000,This Woman,186879,21597,1568
1001,On Top of Our Game,203208,55532,1810
1002,A Love Song Collection,44536,7369,1811
1003,The Breakthrough,0,1,1124
1004,Girl Next Door,396969,49020,1814
1005,The Real Thing,159306,21226,1816
1006,Underage Thinking,1802850,227617,1817
1007,Morris Brown,130,24,1781
1008,Ghetto Story,58184,13707,1820
1009,Director,871145,202697,1371
1010,My Kind Of Livin',939013,252286,267
1011,Jagged Edge,0,1,1822
1012,Back to Bedlam,0,1,977
1013,The Trinity,3051395,336128,717
1014,"Tormenta tropical, Volume One",17,6,1829
1015,Somewhere Down In Texas,175324,36906,227
1016,From Under the Cork Tree,25585997,1036109,13
1017,We Don't Need to Whisper,6898074,457618,1831
1018,Road Trippin' Through Time,267687,11549,791
1019,Fear and Loathing,201831,125142,1381
1020,In My Mind,191483,40366,1835
1021,I Wish We All Could Win,854719,79741,1836
1022,Us and Them,0,1,714
1023,Pearl Jam,0,1,407
1024,Be Here,1638321,292875,75
1025,IV,3517809,290408,1143
1026,Blake Shelton's Barn & Grill,0,1,89
1027,Youth,6465366,393279,1136
1028,Something To Be Proud Of: The Best of 1999-2005,117336,45562,710
1029,Lifehouse,6442002,552949,1117
1030,With Teeth,0,0,1684
1031,Hero,448941,56709,857
1032,Show Your Bones,15754162,922823,1848
1033,Sessions @ AOL,8283,1544,13
1034,Confessions on a Dance Floor,12148307,769681,1258
1035,Real Fine Place,367929,91497,289
1036,The Old Atlanta Mixtape,0,1,1854
1037,The Autumn Effect,3921383,340189,1855
1038,X&Y,0,0,151
1039,Kerosene,0,0,239
1040,"Big Boi Presents... Got Purp, Volume 2",217,31,1857
1041,Raydiation,706572,209489,1858
1042,Funkymix 91,2255,1494,1854
1043,There It Go! (The Whistle Song),1027,249,1852
1044,The Velvet Hour,245253,43371,1859
1045,Dark Light,5144624,269572,1864
1046,Twice The Speed Of Life,804069,141406,930
1047,Curtain Call: The Hits,6529179,740151,315
1048,MMHMM,5724882,281763,1865
1049,The Emancipation of Mimi: Ultra Platinum Edition,141614,29859,110
1050,3121,738556,53138,1866
1051,Music of the Sun,2432389,291310,371
1052,Live Like You Were Dying,482049,61129,43
1053,"Greatest Hits, Volume One: The Singles",166767,16763,1446
1054,Greatest Hits: The Atlantic Years,533467,36069,1874
1055,City of Evil,0,1,444
1056,Disney Classics Box Set,11,8,1607
1057,Chariot,0,1,402
1058,"2005-07-30: Street Scene, San Diego, CA, USA",782054,315566,1475
1059,The Way It Is,901824,219407,1322
1060,Make Believe,8315710,672671,1188
1061,American Idiot,34580417,1490114,635
1062,The Emancipation of Mimi,4447654,485989,110
1063,I Am Me,3135018,384875,1792
1064,Queen Of The Keys (Mixed By Bigg Premiere),0,1,1049
1065,Anywhere But Here,400930,127129,561
1066,In Your Honor,11232904,929538,818
1067,"Fidel Cashflow, Part Two",1,1,859
1068,Feels Like Today,0,0,251
1069,Three Cheers for Sweet Revenge,0,0,894
1070,Comin' to Your City,186385,18553,124
1071,More Than Words,10256,5795,1888
1072,Disturbed,541307,93327,1078
1073,Switch,912871,83119,1890
1074,Honkytonk University,490972,157744,655
1075,Beside You In Time,584811,23143,1684
1076,You Do Your Thing,678443,200321,710
1077,Greetings From Imrie House,1044758,76771,1898
1078,Wildflower,0,0,426
1079,Timeless,150285,29194,740
1080,Listen to Your Heart (feat. Edmée),1183,256,1901
1081,That's Life,207730,51844,1902
1082,Outta Control,412,69,1904
1083,Out of Exile,11707504,855336,1799
1084,Naked,583043,190249,1676
1085,Hot Fuss,52474785,2622528,656
1086,Brave,92617,23564,1907
1087,Playing the Angel,10348386,439911,1909
1088,C About Me,28820,3119,1910
1089,The Singles: 1996-2006,274,25,1438
1090,Getting Away With Murder,12682547,968048,1327
1091,All Jacked Up,323748,77631,1916
1092,First Impressions of Earth,27934340,1043290,1918
1093,Major Flavours 6,580,45,1307
1094,Unknown Language,199695,56863,1922
1095,Destiny Fulfilled,2940332,518052,1923
1096,Jasper County,90883,22020,1924
1097,Most Wanted,2054969,318896,216
1098,Who Did You Think I Was,76932,35011,1927
1099,The One,529120,125580,1888
1100,The Massacre,4592253,405889,859
1101,Late Registration,18465731,823888,359
1102,Never Gone,2364214,179045,1591
1103,Get Right With The Man,179939,40514,1932
1104,"Jermaine Dupri Presents: Young, Fly & Flashy, Volume 1",500,191,1933
1105,The Dukes of Hazzard,0,1,1450
1106,Live From...,0,1,1935
1107,Boyz N Da Hood,120176,12802,1938
1108,"Promo Only: Mainstream Radio, May 2005",115,67,1940
1109,Sweet Right Here,124921,24302,1941
1110,Pyro Technics,546001,316727,1727
1111,Album II,430059,83342,1943
1112,Mr. A-Z,4625731,230495,613
1113,Guero,12187315,874553,1944
1114,When The Sun Goes Down,1341679,297525,57
1115,Bobby Valentino,572054,144358,1921
1116,O,789482,235593,1658
1117,United State of Atlanta,477392,142005,1950
1118,Darryl Worley,151502,55261,1235
1119,Stand Up,2369931,178670,662
1120,Man Like Me,16455,2900,1954
1121,What I Do,87507,8713,1276
1122,Star Lounge 2005 Collection,6327,4538,1787
1123,Turning Point,1872540,531013,1148
1124,Get Behind Me Satan,13140870,732086,1613
1125,In Between Dreams,36441873,1530143,491
1126,Mi Sangre,2813762,338119,1567
1127,A Hangover You Don't Deserve,4628942,484338,1745
1128,Touch,1189590,268850,1965
1129,Natalie,204411,40700,1966
1130,Here for the Party,720223,161282,1916
1131,The Diary of Alicia Keys,4315355,525880,1049
1132,Confessions,4496285,722949,191
1133,Revelation,153094,63207,193
1134,Free Yourself,389922,96519,1033
1135,Josh Gracin,336336,75823,1458
1136,Beautiful Soul,1827777,224982,991
1137,This I Gotta See,45608,9296,1975
1138,The Very Best Of Brooks & Dunn,1355435,336230,1441
1139,Get Lifted,4394725,398855,135
1140,Lost and Found,6208311,620790,1977
1141,In The Kitchen / Trapped In The Closet (Chapter 1 of 5),28,19,998
1142,Rebirth,1531549,318465,235
1143,Let's Be Us Again,194292,55214,1730
1144,Martina,360224,92135,740
1145,In My High School,50104,14175,1984
1146,How to Dismantle an Atomic Bomb,9520789,781996,308
1147,Hopes and Fears,0,0,1778
1148,Premium Quality Tunes,34970,6239,930
1149,TP.3 Reloaded,324121,34689,998
1150,There's More Where That Came From,139105,36884,1331
1151,Lullabies to Paralyze,18575948,865191,1988
1152,Mud On The Tires,1812949,299591,52
1153,Greatest Hits: My Prerogative,5993781,563750,349
1154,Heavier Things,9689601,636516,253
1155,Live in Buffalo: July 4th 2004,15430,2627,1446
1156,Let Them Be Little,18339,4294,1992
1157,Number Ones,844092,154107,1993
1158,We Are Not Alone,0,1,1110
1159,Under My Skin,16767848,842716,282
1160,The Chronicles of Life and Death,0,0,1552
1161,Absolute Garbage,3089315,243953,1997
1162,Frances the Mute,6825884,341060,1998
1163,Three Days Grace,18353383,1276039,1178
1164,Now Winter 2005,117,65,1940
1165,Room To Breathe,0,1,1949
1166,"2005-02-10: Norman, OK, USA",19536,10946,1994
1167,Give Up,33593960,1290225,2007
1168,Straight Outta Ca$hville,407140,146838,1661
1169,1 on 1,49516,15371,2012
1170,The Beautiful Letdown,4743887,367381,1908
1171,Horse of a Different Color,524985,52630,124
1172,Finger Eleven,2173598,296622,1492
1173,Dierks Bentley,1012395,279815,176
1174,Contraband,7407630,659375,2016
1175,This Type of Thinking (Could Do Us In),0,1,2018
1176,True Story,277037,60071,2024
1177,Comin' From Where I'm From,680845,119189,1806
1178,See If I Care,552138,164770,556
1179,My Everything,119430,30409,2036
1180,Strait Hits,22797,3391,227
1181,Musicology,735487,56327,1866
1182,Restless,0,1,289
1183,Autobiography,0,0,1792
1184,Back to Basics,188238,56567,2052
1185,Harmonium,1956801,211672,2053
1186,One Love,36961,5780,2054
1187,Sweat / Suit,28904,17557,544
1188,Player's Paradise,16193,3682,2058
1189,Accidentally In Love,369003,146357,2061
1190,Franz Ferdinand,0,1,1915
1191,After The Storm,704702,201877,1013
1192,The Long Road,6928114,576439,762
1193,Away from the Sun,13759925,1295598,967
1194,Billy Currington,467671,150090,198
1195,Good News For People Who Love Bad News,28208343,1441601,1674
1196,Julie Roberts,229469,45887,2075
1197,Save a Horse (Ride a Cowboy),82742,42588,124
1198,Ocean Avenue,14649313,755762,979
1199,Greatest Hits '93-'03,1742187,155374,2081
1200,Shock'n Y'All,0,1,655
1201,Tuskegee,309998,38915,1738
1202,Meteora,49217035,1827800,628
1203,Fallen,0,0,809
1204,Get Born,11658484,1147353,1972
1205,"RnB Superclub, Volume 4.0",15,5,2097
1206,One Love,105421,22704,2099
1207,"Totally Country, Volume 4",0,1,2101
1208,Chicken-N-Beer,121642,12920,449
1209,Private Room,688463,203370,1371
1210,In This Skin,989527,216276,1450
1211,Strong,219708,83082,1612
1212,D12 World,2532599,423330,2079
1213,The Battle For Everything,1413160,229123,1233
1214,Red Dirt Road,229382,55209,1441
1215,Closer,1826195,106700,1728
1216,Melt,857091,132952,251
1217,White Turns Blue,0,1,2110
1218,A Few Questions,56485,20935,1060
1219,The Very Best of Sheryl Crow,0,0,426
1220,Honkytonkville,138412,35794,227
1221,Buddy Jewell,64911,15165,2118
1222,What If?,316672,86700,1617
1223,Three,1497898,258650,2119
1224,Up! (Red and Green Versions),998,89,886
1225,Thirteenth Step,0,0,2120
1226,Start Something,0,0,2125
1227,Fever To Tell,20365129,1147280,1848
1228,Totally Hits 2004,0,1,658
1229,Metamorphosis,2363437,277789,216
1230,Dress Rehearsal,135222,32729,2129
1231,A Crow Left Of The Murder...,4234510,184267,1653
1232,Blue County,28649,5461,2130
1233,Results May Vary,7317644,676453,2132
1234,The Singles 1992-2003,0,0,638
1235,My Private Nation,1138740,176018,177
1236,Natural Selection,1439472,247705,2134
1237,Audioslave,0,0,1799
1238,Jimmy Wayne,233973,61356,1389
1239,This Is Me... Then,715533,129520,235
1240,"DJ Smallz Presents: Southern Smoke, Part 3",0,1,2141
1241,Long Black Train,413071,113168,634
1242,Mid Summer Megamix 2004,407,46,2138
1243,And Then...,359347,102496,1654
1244,Almost There,422520,68919,2145
1245,Show: A Night in the Life of Matchbox Twenty,1039317,326996,617
1246,Damita Jo,0,0,2124
1247,Trapt,4232159,482634,2152
1248,Splinter,7481439,503284,1351
1249,My Town,604884,186250,710
1250,The Young and the Hopeless,8982832,776514,1552
1251,Stripped,15456144,882308,609
1252,The Truth About Men,205459,76262,2156
1253,Striking a Familiar Chord,221893,104537,1489
1254,The Best of Kylie Minogue,902060,62547,2160
1255,Beg For Mercy,0,1,2166
1256,Chocolate Factory,1194530,303676,998
1257,The Senior,0,1,1241
1258,Honesty,24423,2245,793
1259,Chris Cagle,360190,87742,561
1260,Stacie Orrico,1130635,164303,2176
1261,Welcome Interstate Managers,3330609,312699,2178
1262,Rain On Me,1813,1010,1471
1263,Wave On Wave,158037,34595,1356
1264,Number Ones,0,0,147
1265,"2003-04-25: Minneapolis, MN, USA",1557300,437188,2007
1266,"Oh, Inverted World",20521110,1120728,1707
1267,Illinois,19608629,598434,2185
1268,Transatlanticism,30107412,1016310,1475
1269,"2006-02-04: Kulturbolaget, Malmö, Sweden",9602,7543,1475
1270,(What's the Story) Morning Glory?,20026370,1543190,1415
1271,Details,11826567,752234,2186
1272,"2008-10-21: Comcast Arena, Everett, WA, USA",9747,5735,1475
1273,A Rush of Blood to the Head,49568177,2318150,151
1274,"2004-11-09: Seattle, WA, USA",116466,67958,1475
1275,KFOG Private Concert,9439,5051,1475
1276,Final Straw,0,0,761
1277,Snakes on a Plane (Bring It),7720,1404,1181
1278,In the Aeroplane Over the Sea,29364895,822147,2189
1279,Silent Alarm,35853248,1402621,2190
1280,Parachutes,41706304,2049906,151
1281,Absolution,57297766,1872136,531
1282,"2004-04-16: Austin, TX, USA",834977,327748,1707
1283,The Bends,0,0,1518
1284,Revolver,23335784,744267,2192
1285,Around the Well,3188163,186203,2193
1286,Californication,0,0,791
1287,Abbey Road,38734735,996076,2192
1288,Antics,0,0,2194
1289,"A Mark, A Mission, A Brand, A Scar",0,1,1632
1290,Sublime,0,0,2195
1291,Saosin,10290686,427970,2196
1292,The Crane Wife,9962312,540691,2197
1293,The Information,6585552,397828,1944
1294,The Black Parade is Dead!,887177,78088,894
1295,The Devil and God Are Raging Inside Me,0,0,2191
1296,Your Favorite Weapon,9667085,361940,2191
1297,Deja Entendu,0,0,2191
1298,Sgt. Pepper's Lonely Hearts Club Band,0,1,2192
1299,1,17142477,627325,2192
1300,Magical Mystery Tour,0,1,2192
1301,9,13599011,636758,2199
1302,Return To Cookie Mountain,9275837,555973,2200
1303,Black Holes and Revelations,52447651,1864702,531
1304,"Hissing Fauna, Are You the Destroyer?",10410863,402496,2204
1305,A Weekend In The City,18038228,892040,2190
1306,Cassadaga,9325367,453271,2202
1307,Elephant,27009405,1322279,1613
1308,Sky Blue Sky,7376112,330373,2206
1309,Lies For The Liars,10022633,461679,2207
1310,On Letting Go,8319064,276047,2208
1311,White Blood Cells,0,0,1613
1312,Our Love to Admire,20131924,1071643,2194
1313,"2007-05-22: Le Grand Rex, Paris, France",1344,453,1634
1314,"2008-02-18: Brabanthallen, Den Bosch, The Netherlands",704,284,1634
1315,Ga Ga Ga Ga Ga,7798293,472818,2211
1316,The Con,0,1,399
1317,Let It Die,0,0,1561
1318,I'll Take The Blame EP,268943,62250,399
1319,Discovery,43422938,1824913,2210
1320,The Alternate Abbey Road,223818,79837,2192
1321,Under The Blacklight,5697464,341422,2212
1322,Kala,13580209,600373,1384
1323,Strawberry Jam,9228351,370809,2213
1324,"2006-07-03: Tavastia, Helsinki, Finland",2799,1371,2213
1325,Even If It Kills Me,4726315,259091,2214
1326,The Shepherd's Dog,0,0,2193
1327,"2005-12-16: Trabendo Session, Paris, France",1180,701,1561
1328,OK Computer,0,0,1518
1329,Kid A,35811421,1310164,1518
1330,In Rainbows,0,0,1518
1331,Amnesiac,25077130,934708,1518
1332,The Flying Club Cup,18418563,536151,2215
1333,Chase This Light,6939336,333577,2011
1334,In Defense of the Genre,4423683,163129,2218
1335,Weezer,11656153,1097811,1188
1336,Nude,28953,5466,1518
1337,"2002-08-05: Palacio de Congresos, Salamanca, Spain",21047,12477,1518
1338,In Rainbows Disk 2,0,1,1518
1339,Sound Of Silver,12937129,786293,2221
1340,Person Pitch,0,1,2222
1341,Boxer,0,1,2223
1342,The Cool,4367538,147259,651
1343,Cease to Begin,15678170,763934,2225
1344,The Moldy Peaches,3267597,181701,2226
1345,Dear Catastrophe Waitress,6636730,343311,2227
1346,Remember That I Love You,2348676,209942,2228
1347,The Ultimate Collection,2082287,354663,2230
1348,The Covers Record,5160649,347253,2236
1349,Tigermilk,4594340,369140,2227
1350,Vampire Weekend,0,0,2239
1351,The Bedlam in Goliath,5202096,234260,1998
1352,Ghosts I-IV,9115088,250970,1684
1353,Saturdays = Youth,12034940,636346,2240
1354,The Slip,7773304,390145,1684
1355,Third,0,0,2241
1356,Fleet Foxes,28655269,979949,2243
1357,Feed the Animals,7739248,178268,2244
1358,The Singles 1999 - 2008,601000,13217,151
1359,Modern Guilt,8293074,398481,1944
1360,Coastal Chill 09,307,31,2245
1361,"For Emma, Forever Ago",0,0,2247
1362,Dear Science,6321163,261526,2200
1363,"2008-10-11: Lupo's Heartbreak Hotel, Providence, RI, USA",1186,244,2200
1364,The Glass Passenger,4920803,97493,2249
1365,Perfect Symmetry,6214214,252511,1778
1366,Merriweather Post Pavilion,20048813,485494,2213
1367,Blood Bank,6160848,530378,2247
1368,Noble Beast,5995790,210370,2250
1369,Tonight: Franz Ferdinand,0,0,1915
1370,Incredibad,0,0,1377
1371,It's Blitz!,19077575,885960,1848
1372,Middle Cyclone,3883254,108526,2251
1373,The Hazards of Love,5606054,139042,2197
1374,Crack the Skye,6808904,189020,2252
1375,Manners,20409895,935974,566
1376,Wilco (The Album),2975510,99591,2206
1377,Veckatimest,17476087,518078,2253
1378,Relapse,10908814,536451,315
1379,Two Suns,12877351,501444,2254
1380,The Ecstatic,5189410,323673,2255
1381,Bitte Orca,4886622,189673,2256
1382,Bad,6351441,583157,147
1383,The Essential Michael Jackson,0,0,147
1384,Far,12098545,342286,1680
1385,Horehound,8742853,436991,2257
1386,The Queen Is Dead,17556907,694324,2258
1387,Soviet Kitsch,8516731,359199,1680
1388,Sun Giant,3760642,298406,2243
1389,The Funeral,420493,166711,2225
1390,These Are My Twisted Words,73975,12227,1518
1391,Ellipse,5447235,269101,2187
1392,Daisy,7791531,201819,2191
1393,xx,66019182,1101856,2259
1394,1962-1966,1466414,64926,2192
1395,Man On The Moon: The End of The Day,360873,12098,588
1396,Dat Kid From Cleveland,1379267,44554,588
1397,Monsters of Folk,3737629,156039,2260
1398,Album,5998023,328495,2261
1399,Funeral,0,0,434
1400,Contra,21045727,670509,2239
1401,Embryonic,3919160,130540,2263
1402,Say Anything,3178133,98756,2218
1403,iTunes Originals,4945,628,1188
1404,The Colour and the Shape,19994881,1445179,818
1405,Phrazes For The Young,5969178,404896,2264
1406,Battle Studies,12209065,482667,253
1407,Doolittle,22119335,1056517,2265
1408,Fall Be Kind,1308127,64932,2213
1409,Them Crooked Vultures,0,0,2266
1410,Teen Dream,0,1,2267
1411,Odd Blood,9509242,403665,2268
1412,Conditions,13734417,702723,2271
1413,Transference,3604297,243862,2211
1414,Broken Bells,14038942,684906,2272
1415,Have One on Me,5420146,99164,2273
1416,Plastic Beach,0,0,1856
1417,Plastic Beach Live,49558,3360,1856
1418,Congratulations,10807435,491851,1323
1419,Volume Two,7295484,202936,2274
1420,Up From Below,6867250,428010,2275
1421,Gorilla Manor,12836003,573180,2277
1422,This Is Happening,8602459,481131,2221
1423,Forgiveness Rock Record,6277973,339364,2278
1424,High Violet,23920784,456550,2223
1425,OMNI,2407195,109195,2281
1426,LP4,4865997,197541,2282
1427,Together,2669661,123745,2283
1428,Treats,9895386,477361,2284
1429,iTunes Session,301677,38852,265
1430,Infinite Arms,8179575,468159,2225
1431,How to Destroy Angels,2180171,89821,2286
1432,Sir Lucious Left Foot... The Son of Chico Dusty,103661,5918,2287
1433,Crazy for You,11016946,283886,2288
1434,The Suburbs,41947064,694482,434
1435,Neon Bible,22127179,906231,434
1436,All Delighted People EP,1751744,77406,2185
1437,Devil In A New Dress,20055,3576,359
1438,Lungs,0,0,727
1439,Hurley,1225665,97861,1188
1440,Halcyon Digest,8074030,250395,2292
1441,The Age of Adz,6851173,229321,2185
1442,iTunes Live from SoHo,79596,6339,2292
1443,Invented,2282850,93178,2011
1444,Free Wired,0,1,2293
1445,Sidewalks,2152733,139281,1255
1446,All Day,4015298,99054,2244
1447,What Separates Me From You,13471634,324730,2294
1448,"Triple J: Hottest 100, Volume 18",2404,727,359
1449,Daft Club,3766625,332105,2210
1450,TRON: Legacy,14476617,541264,2210
1451,The Late Mixtape,9303,5251,359
1452,The Fall,4231026,195522,1856
1453,The King Is Dead,5949638,329648,2197
1454,Zonoscope,4624940,237040,2295
1455,Kiss Each Other Clean,2483695,122963,2193
1456,Kaputt,3740447,147709,2297
1457,Helplessness Blues,14032170,573813,2243
1458,Angles,0,0,1918
1459,James Blake,13802063,451731,2298
1460,Is This It,32230443,1625544,1918
1461,The King of Limbs,17924850,526437,1518
1462,Wounded Rhymes,10724916,426976,2299
1463,EP,1665190,41322,160
1464,"Take Care, Take Care, Take Care",3670336,197961,2300
1465,Vices & Virtues,6234506,163908,455
1466,Tomboy,3379798,176668,2222
1467,Live At Governor's Island,28403,2914,2222
1468,Nine Types of Light,3599101,231463,2200
1469,Supercollider / The Butcher,220049,18017,1518
1470,Hot Sauce Committee Part Two,2913522,195198,2102
1471,Goblin,5696624,166338,2301
1472,Burst Apart,5569031,230857,2302
1473,iTunes Session,0,1,2247
1474,Codes and Keys,5988295,262127,1475
1475,Circuital,2308935,168523,2303
1476,Cults,7561254,413545,2304
1477,Within and Without,0,0,2305
1478,The Rip Tide,8025596,383042,2215
1479,"Hurry Up, We're Dreaming",14939643,486984,2240
1480,In the Mountain in the Cloud,2529235,154734,2306
1481,Tourist History,25651556,1059990,2307
1482,Ritual Union,4574964,251765,2308
1483,"Passive Me, Aggressive You",13406501,579344,2311
1484,Thursday,0,1,60
1485,Trilogy,5594508,207442,60
1486,Tha Carter IV,2372732,228937,769
1487,I’m With You,102856,7872,791
1488,Strange Mercy,6206416,250319,2313
1489,A Night at the Opera,7667230,552682,2314
1490,"Father, Son, Holy Ghost",0,1,2261
1491,Era Extraña,3976767,253025,2315
1492,Relax,1395153,87486,2316
1493,Freaking Out,637784,64316,2317
1494,Hysterical,850504,84461,2318
1495,The Whole Love,2919396,141841,2206
1496,The Hunter,5323423,115827,2252
1497,Metals,6618493,276180,1561
1498,People and Things,939152,31893,2249
1499,Siberia,3267781,83291,2319
1500,Enough Thunder,1284522,115198,2298
1501,Odd Soul,1163161,67870,2320
1502,Ashes & Fire,0,1,2321
1503,Days,5488282,207900,2322
1504,"Audio, Video, Disco.",2479339,194064,2224
1505,Now That's What I Call 30 Years,18208,611,151
1506,Good Vibrations: Thirty Years of The Beach Boys,315351,93997,2323
1507,Summer Dreams,1300818,364704,2323
1508,Long Live The King,296004,37717,2197
1509,Parallax,2400242,129200,2324
1510,Live,13954,1804,265
1511,A Very She & Him Christmas,2290770,131952,2274
1512,Undun,0,1,2325
1513,Lioness: Hidden Treasures,3348036,195861,1602
1514,Echoes of Silence,2394793,59456,60
1515,Elvis' Christmas Album,943745,248430,2327
1516,The Best of Wham!: If You Were There...,693876,240998,2329
1517,Bangarang,1932609,84963,698
1518,The Year of Hibernation,6323302,309172,2330
1519,Port of Morrow,6557398,330638,1707
1520,Life of Leisure,4485025,315470,2305
1521,Reign of Terror,3123503,178111,2284
1522,BIRP! February 2012,23203,1248,2332
1523,Attack on Memory,3102396,146222,2332
1524,Matangi,4750616,146808,1384
1525,Be The Void,1148609,76501,2334
1526,Visions,17279785,436208,2335
1527,Break It Yourself,2754327,119894,2250
1528,Bloom,10869564,321714,2267
1529,MDNA,0,0,1258
1530,MDNA (Deluxe Version),1390759,18195,1258
1531,Happy To You,2585687,207660,2336
1532,The Only Place,2797352,136727,2288
1533,Noctourniquet,2103887,68114,1998
1534,A Wasteland Companion,1096861,78681,2339
1535,Sweet Heart Sweet Light,0,0,2340
1536,Blunderbuss,9677965,361184,2341
1537,The Money Store,5785433,149461,2343
1538,Master of My Make-Believe,3725225,214552,2344
1539,Ill Communication,8173877,700047,2102
1540,Solid Gold Hits,3235716,287546,2102
1541,Check Your Head,0,1,2102
1542,"Hang All DJ's, Volume 3",23,16,2102
1543,Neck Of The Woods,2006104,99183,1319
1544,Honeycomb / Gotham,235835,41326,2213
1545,Vows,2547807,106273,2345
1546,Heaven,1898853,98148,2347
1547,Here,2089397,163113,2275
1548,Celebration Rock,3090294,155140,2351
1549,Magic Hour,433905,61962,2352
1550,Synthetica,0,1,2290
1551,In Our Heads,3946799,194234,2353
1552,There's No Leaving Now,2702668,112282,2354
1553,The Idler Wheel Is Wiser Than the Driver of the Screw and Whipping Cords Will Serve You More Than Ropes Will Ever Do,0,0,2355
1554,Oceania,1694911,101012,1634
1555,Oshin,5514176,174929,2356
1556,Confess,2932352,115981,2357
1557,Swim Good,538040,158261,574
1558,Swing Lo Magellan,3081715,135713,2256
1559,Gun Has No Trigger,112169,40859,2256
1560,Shrines,9706576,294084,2360
1561,Blazin' 2013,18160,6474,2359
1562,Yellow & Green,2355664,68707,2361
1563,Handwritten,3038780,91601,2362
1564,Undersea,430427,44142,2302
1565,Beacon,8057223,293866,2307
1566,Shields,6734452,256310,2253
1567,Coexist,22686036,562524,2259
1568,Fragrant World,2062312,114258,2268
1569,Four,2513166,122298,2190
1570,Centipede Hz,2579823,110071,2213
1571,Mature Themes,1881386,97115,2363
1572,Nocturne,4006586,149931,2364
1573,Infinity Overhead,735021,36757,2281
1574,A Thing Called Divine Fits,1098783,83267,2365
1575,Sun,3384154,193798,2236
1576,The North,1485530,67370,2366
1577,The Carpenter,1660603,107319,2368
1578,Love This Giant,1748441,98281,2367
1579,Mirage Rock,1697131,139064,2225
1580,The Sound Of The Life Of The Mind,627201,40219,2369
1581,No Love Deep Web,2688308,60168,2343
1582,Transcendental Youth,1194812,52519,2371
1583,Until the Quiet Comes,4374092,77981,2370
1584,Lonerism,14184020,418057,2372
1585,'Allelujah! Don't Bend! Ascend!,701681,50560,2373
1586,"good kid, m.A.A.d city",9123507,316435,127
1587,The Haunted Man,3846091,178616,2254
1588,18 Months,0,0,187
1589,(III),7828414,202323,2279
1590,Born to Die - The Paradise Edition,14857104,383117,243
1591,Koi No Yokan,5095456,134660,2374
1592,King Animal,0,0,1050
1593,Losing You,186665,33295,2375
1594,Tracks From The Attic,0,1,460
1595,Vicious Lies and Dangerous Rumors,847087,66717,2287
1596,An Awesome Wave,27648986,534271,179
1597,A Charlie Brown Christmas,2134995,220462,2328
1598,Fade,1802532,116217,2378
1599,Boyhood (Music from the Motion Picture),7175,300,2378
1600,Truant / Rough Sleeper,363257,51447,2379
1601,Anything in Return,3592536,139373,2317
1602,We Are the 21st Century Ambassadors of Peace & Magic,2302628,124103,2380
1603,Wolf's Law,807449,50151,2381
1604,Beta Love,1022628,88584,2382
1605,Hummingbird,4042772,170035,2277
1606,m b v,2412868,62463,2383
1607,Rumours,11531232,632315,2384
1608,Loveless,17484241,577972,2383
1609,Pedestrian Verse,1516798,62542,2385
1610,Overgrown,5283186,230386,2298
1611,Holy Fire,9577894,345820,2386
1612,Bankrupt!,3354404,159999,1144
1613,AMOK,4387319,113000,2387
1614,Comedown Machine,5840269,215604,1918
1615,When It Was Now,1099162,90409,2389
1616,You're Nothing,1332707,48668,2390
1617,Nightcall,2341405,265144,2391
1618,"Eject, Part I",32,4,2392
1619,Anxiety,1640202,87866,2393
1620,OutRun,3234546,157143,2391
1621,The Next Day,3628722,146542,2394
1622,Odd Look,176200,35412,2391
1623,Wondrous Bughouse,1688407,104822,2330
1624,Woman,4083428,198435,2395
1625,Mosquito,2330790,133243,1848
1626,Welcome Oblivion,1217752,44702,2286
1627,First Rays of the New Rising Sun,1143018,134048,2396
1628,Muchacho,1836617,132890,2397
1629,Afraid Of Heights,1789083,62323,2398
1630,The Bones of What You Believe,0,0,2399
1631,Delta Machine,0,0,1909
1632,Modern Vampires of the City,13360849,359540,2239
1633,Dear Miss Lonelyhearts,1216374,101407,2203
1634,Shaking the Habitual,2582151,134225,2400
1635,Wakin On A Pretty Daze,0,1,2401
1636,Ghost On Ghost,1062345,75824,2193
1637,Indicud,2537985,105058,588
1638,The North Borders,6197022,191235,2403
1639,Absolute Summer Hits 2013,1554,53,533
1640,If You Leave,6220884,227278,2404
1641,Monomania,2393882,94032,2292
1642,Silence Yourself,2039387,105157,2406
1643,Sixteen Saltines,296953,70313,2341
1644,Over the Love,58604,2673,727
1645,Like Drawing Blood,0,1,705
1646,NRJ 200% Hits 2014,2221,201,1360
1647,Volume 3,1692163,72877,2274
1648,MCII,0,1,2407
1649,Music From Baz Luhrmann's Film The Great Gatsby,107590,3037,15
1650,The Capitol Studios Session,27248,5360,2274
1651,Random Access Memories,0,0,2210
1652,Trouble Will Find Me,14634390,305084,2223
1653,Obsidian,1880519,80406,2408
1654,Tomorrow's Harvest,5936228,141352,2409
1655,Blurred Lines,3365862,360552,237
1656,The Escapist,393,49,1988
1657,...Like Clockwork,9430820,265216,1988
1658,Evil Friends,3853362,159286,2306
1659,Deep Sounds Vol 2 (The Very Best Of Deep House),474,14,2410
1660,Settle,7026434,331427,2410
1661,Born Sinner,2121861,102192,71
1662,Ice on the Dune,2746068,117885,2411
1663,Run The Jewels,0,1,2412
1664,Slow Focus,999008,65864,2413
1665,Edward Sharpe & The Magnetic Zeros,5265510,447952,2275
1666,Paracosm,2421235,115387,2305
1667,Life In Color Vol. 9 (World's Largest Paint Party),1,1,2415
1668,Body Music,2495699,98976,2414
1669,The Civil Wars,1439668,95246,2416
1670,Doris,3986797,114284,2417
1671,The Love Club EP,2276344,197289,98
1672,"Right Thoughts, Right Words, Right Action",2531188,71305,1915
1673,Hesitation Marks,1644307,290906,1684
1674,Repave,1850968,91225,2419
1675,"The Worse Things Get, the Harder I Fight, the Harder I Fight, the More I Love You",389759,11734,2251
1676,MGMT,0,1,1323
1677,Kiss Land,1724248,71536,60
1678,Work Bitch,429388,38451,349
1679,"Bravo Black Hits, Volume 30",29,19,123
1680,Spreading Rumours,971867,67280,637
1681,In Rolling Waves,0,1,2311
1682,Days Are Gone,9049836,277013,2421
1683,This Is... Icona Pop,1692902,131209,2402
1684,Old,3670621,103703,2422
1685,My Name Is My Name,1816337,85297,2423
1686,Psychic,2618667,122067,2424
1687,Bitter Rivals,785543,47530,2284
1688,Static,1044088,63538,2304
1689,Let's Be Still,1231857,81152,2425
1690,Fade Away,539051,42270,2288
1691,Transformer,8761908,783079,2427
1692,The Velvet Underground,0,0,2238
1693,The Marshall Mathers LP 2,1478230,33521,315
1694,Free Your Mind,1143872,62652,2295
1695,NRJ Extravadance 2014,2593,106,298
1696,Cupid Deluxe,2629803,128953,2429
1697,You And The Night,213002,17691,2240
1698,Summer Workout Hits,748,32,648
1699,Led Zeppelin II,0,0,2219
1700,Led Zeppelin,0,0,2219
1701,Sunbather,2158325,87882,2430
1702,A Boy Named Charlie Brown,333411,52221,2328
1703,Is There Anybody Out There?,1253023,134293,2433
1704,Warpaint,3750380,132494,2435
1705,Morning Phase,0,0,1944
1706,Rave Tapes,1735598,82027,2436
1707,Transgender Dysphoria Blues,1090831,37385,2437
1708,Supermodel,3535630,150398,729
1709,Mind Over Matter,1069572,80424,732
1710,Montana,46065,16544,2438
1711,After the Disco,0,0,2272
1712,"So Long, See You Tomorrow",3086413,155841,2440
1713,Benji,1790517,88989,2441
1714,Voices,1856634,98779,2442
1715,Love Death Immortality,1281882,56888,2443
1716,Burn Your Fire for No Witness,1891692,80871,2444
1717,St. Vincent,0,0,2313
1718,Eyelid Movies,6054281,287591,2442
1719,Atlas,2941083,119307,2322
1720,Lost in the Dream,4555364,181976,2445
1721,Awake,0,0,2438
1722,Live @ Boiler Room,2984,726,2438
1723,Spectre,23320,8365,2438
1724,Singles,3039601,141042,2446
1725,Salad Days,4689955,145729,2448
1726,Here and Nowhere Else,1593442,68083,2332
1727,It's Album Time,0,1,2450
1728,Illmatic,8917842,627271,2359
1729,New Eyes,1508864,172171,2451
1730,Lazaretto,0,0,2341
1731,The New Classic (Deluxe Version),3323751,194459,188
1732,Surfer Rosa,8748362,474731,2265
1733,Everyday Robots,2523965,124433,2452
1734,Shriek,590087,40648,2453
1735,Nikki Nack,1023937,69050,2454
1736,I Never Learn,3074651,142871,2299
1737,Sheezus,1746939,68832,1310
1738,Nabuma Rubberband,1141250,67837,2308
1739,To Be Kind,0,1,2456
1740,White Women,1155865,72454,2455
1741,Turn Blue,0,1,265
1742,Upside Down Mountain,639567,41494,2245
1743,Coffee,233571,69812,2457
1744,Are We There,1589888,91931,2460
1745,Paste Sampler 143,9,7,2461
1746,Sunbathing Animal,933032,51898,2461
1747,The Powers That B: Niggas on the Moon,0,1,2343
1748,Lazaretto Demos,232,80,2341
1749,Stay Gold,1639786,96729,2463
1750,Familiars,1042691,57866,2302
1751,The Hunting Party,2749421,94159,628
1752,Deep Fantasy,532880,27662,2464
1753,Once More ’Round the Sun,1417,173,2252
1754,High Road,41203,13059,2252
1755,"""What Is This Heart?""",652832,57032,2466
1756,Break Free,589982,117914,100
1757,The Physical World,1363696,67831,2469
1758,I Wanna Get Better,0,1,2470
1759,Strange Desire,771711,55059,2470
1760,My Everything (Deluxe),5063719,229327,100
1761,Trouble in Paradise,1553737,82399,1042
1762,Never Hungover Again,0,1,2472
1763,Everything Will Be Alright in the End,1207994,57237,1188
1764,Alvvays,0,1,2474
1765,The Voyager,831574,61716,2475
1766,They Want My Soul,0,1,2211
1767,LP1,4316653,152747,2476
1768,Lese Majesty,855777,34188,2477
1769,The Runaways,1297597,140049,2482
1770,Partners In Crime,277370,73303,2486
1771,Worlds,1008221,47780,2488
1772,Our Love,2746327,129024,2280
1773,My Everything,2065733,67532,100
1774,El Pintor,2615307,104378,2194
1775,Evergreen,751215,36841,2490
1776,Seeds,1115780,71761,2200
1777,We Love Fitness 2,22,6,187
1778,Songs of Innocence,1928167,81043,308
1779,Goddess,1892460,90797,2473
1780,London,1099061,115669,2473
1781,Alibi,622,201,2473
1782,Ryan Adams,788967,43567,2321
1783,Brain,282000,51807,2473
1784,Drowning,0,1,2473
1785,Crush Songs,667569,30206,2491
1786,Syro,2674432,120770,2492
1787,Bleep: The Top 100 Tracks of 2014,6658,227,2492
1788,Too Bright,1269933,69058,2493
1789,Tomorrow’s Modern Boxes,10736,726,2494
1790,You're Dead!,3241933,90037,2370
1791,Sukierae,1193,36,2495
1792,Queen of the Clouds,2193187,138029,21
1793,Art Official Age,407979,31528,1866
1794,Kauai,671712,56107,160
1795,STN MTN / KAUAI,55217,1150,160
1796,Wonder Where We Land,1380096,72852,2496
1797,... and Star Power,10598,482,2380
1798,Oh My Darling Don't Cry,0,1,2412
1799,Run The Jewels 2,3346269,99553,2412
1800,Panda Bear Meets the Grim Reaper,1121161,53387,2222
1801,I Forget Where We Were,1761749,120267,2498
1802,Mr Noah,217083,33895,2222
1803,.5: The Gray Chapter,0,0,2499
1804,Ruins,694543,40844,2500
1805,"What A Terrible World, What A Beautiful World",0,1,2197
1806,Broke with Expensive Taste,2669397,59143,2348
1807,Heavy Metal and Reflective,61651,8963,2348
1808,Before the Expensive Taste,92248,1823,2348
1809,Xen,732925,33221,2502
1810,Motion,0,1,187
1811,The Endless River,0,0,2248
1812,Forever and Ever,1179,106,2248
1813,Sonic Highways,1779692,100819,818
1814,My Favourite Faded Fantasy,0,1,2199
1815,Clark,832818,37600,2503
1816,pom pom,1298871,52132,2504
1817,Push Pull,127310,38353,2360
1818,Prisoners Of Love,190614,15209,2378
1819,Monuments To An Elegy,364945,31875,1634
1820,200 Press,21921,2338,2298
1821,Lampshades On Fire,167300,51878,1674
1822,Living For Love,147297,26093,1258
1823,Firestone,1017,454,2516
1824,Hot N*gga,171905,40353,25
1825,"The Hunger Games: Mockingjay, Part 1",2766,202,2520
1826,The Eminem Show,0,0,315
1827,Hozier,3420723,242095,3
1828,Did You Hear the Rain?,0,1,2530
1829,Christmas Portrait,408739,99957,2541
1830,That's Christmas to Me,320134,31257,101
1831,I Can't Stop Drinking About You,71587,19394,2517
1832,G.R.L.,247779,52236,2546
1833,Warriors,480652,85734,59
1834,X2C,66153,16976,68
1835,Montevallo,190252,20554,68
1836,Undressed,416329,67888,2548
1837,Hitbreaker 2/2014 disc 1,26,6,2526
1838,All About You,141544,24901,216
1839,The Fox (What Does The Fox Say?),69902,15476,348
1840,Hall Of Fame,811760,48777,553
1841,100X Zomer 2014,70,13,400
1842,BBC Radio 1's Live Lounge 2013 (Deluxe Version),95090,1993,577
1843,"The Dome, Volume 65",139,42,2521
1844,,0,0,8
