artist_id,name
1,Mark Ronson Featuring Bruno Mars
2,Taylor Swift
3,Hozier
4,Ed Sheeran
5,Sam Smith
6,Meghan Trainor
7,Nick Jonas
8,Ariana Grande & The Weeknd
9,Maroon 5
10,Big Sean Featuring E-40
11,Selena Gomez
12,James Newton Howard Featuring Jennifer Lawrence
13,Fall Out Boy
14,"Nicki Minaj Featuring Drake, Lil Wayne & Chris Brown"
15,Sia
16,Rae Sremmurd
17,I LOVE MAKONNEN Featuring Drake
18,Beyonce
19,Mr. Probz
20,Usher Featuring Juicy J
21,Tove Lo
22,"Jessie J, Ariana Grande & Nicki Minaj"
23,O.T. Genasis
24,Ella Henderson
25,Bobby Shmurda
26,Alesso Featuring Tove Lo
27,Calvin Harris Featuring John Newman
28,Vance Joy
29,OneRepublic
30,Pitbull & Ne-Yo
31,Jeremih Featuring YG
32,Iggy Azalea Featuring Rita Ora
33,MAGIC!
34,One Direction
35,Chris Brown & Tyga
36,Carrie Underwood
37,Iggy Azalea Featuring M0
38,Milky Chance
39,Fifth Harmony
40,Ellie Goulding
41,Clean Bandit Featuring Jess Glynne
42,DeJ Loaf
43,Tim McGraw
44,Flo Rida Featuring Sage The Gemini & Lookas
45,Eric Church
46,Luke Bryan
47,Florida Georgia Line
48,Lillywood & Robin Schulz
49,Kanye West Featuring Paul McCartney
50,Fergie
51,Ne-Yo Featuring Juicy J
52,Brad Paisley
53,Trey Songz Featuring Nicki Minaj
54,Blake Shelton Featuring Ashley Monroe
55,"DJ Khaled Featuring Chris Brown, August Alsina, Future & Jeremih"
56,Nicki Minaj Featuring Beyonce
57,Kenny Chesney
58,Prince Royce Featuring Snoop Dogg
59,Imagine Dragons
60,The Weeknd
61,Thomas Rhett
62,Lee Brice
63,Jason Aldean
64,RaeLynn
65,WALK THE MOON
66,Chris Young
67,Brett Eldredge
68,Sam Hunt
69,Calvin Harris Featuring Ellie Goulding
70,Randy Houser
71,J. Cole
72,Darius Rucker
73,David Guetta Featuring Sam Martin
74,Kid Ink Featuring Usher & Tinashe
75,Keith Urban
76,Rae Sremmurd Featuring Nicki Minaj & Young Thug
77,Parmalee
78,Sophia Grace
79,Beyonce Featuring Nicki Minaj Or Chimamanda Ngozi Adichie
80,Cole Swindell
81,I Prevail
82,August Alsina
83,Chase Bryant
84,Sheppard
85,Jake Owen
86,B.o.B Featuring Trey Songz
87,Tyler Farr
88,Omarion Featuring Chris Brown & Jhene Aiko
89,Blake Shelton
90,Hoodie Allen Featuring Ed Sheeran
91,Jason Derulo
92,Nicki Minaj
93,Rich Gang Featuring Young Thug & Rich Homie Quan
94,Colbie Caillat
95,Shawn Mendes
96,Nico & Vinz
97,Nicki Minaj Featuring Skylar Grey
98,Lorde
99,G-Eazy Featuring Remo
100,Ariana Grande
101,Pentatonix
102,Jessie J
103,Jessie J Featuring 2 Chainz
104,Charli XCX
105,French Montana Featuring Jeremih
106,Becky G
107,"Juicy J, Wiz Khalifa & Ty Dolla $ign Featuring Kill The Noise & Madsonik"
108,Matt McAndrew
109,Craig Wayne Boyd
110,Mariah Carey
111,Chris Jamison
112,T.I. Featuring Young Thug
113,Nicki Minaj Featruing Skylar Grey
114,Chris Jamison & Adam Levine
115,Damien
116,Matt McAndrew & Adam Levine
117,Maddie & Tae
118,Nicki Minaj Featuring Ariana Grande
119,Pitbull Featuring John Ryan
120,Echosmith
121,Chris Brown Featuring Usher & Rick Ross
122,The White Buffalo & The Forest Rangers
123,Drake
124,Big & Rich
125,Little Big Town
126,Scotty McCreery
127,Kendrick Lamar
128,Taylor John Williams
129,Ariana Grande Featuring Zedd
130,Iggy Azalea Featuring Charli XCX
131,Eminem Featuring Sia
132,Jennifer Lopez Featuring Iggy Azalea Or Pitbull
133,Katy Perry
134,Gwen Stefani
135,John Legend
136,Enrique Iglesias Featuring Descemer Bueno & Gente de Zona
137,Pharrell Williams
138,Band Aid 30
139,Frankie Ballard
140,Idina Menzel Duet With Michael Buble
141,5 Seconds Of Summer
142,Wiz Khalifa Featuring Snoop Dogg & Ty Dolla $ign
143,Migos
144,The Script
145,Snootie Wild Featuring K Camp
146,Mary Lambert
147,Michael Jackson
148,Disclosure Featuring Sam Smith
149,T.I. Featuring Iggy Azalea
150,OK Go
151,Coldplay
152,Brantley Gilbert Featuring Justin Moore & Thomas Rhett
153,Kiesza
154,Tyga Featuring Young Thug
155,OG Maco Featuring 2 Chainz
156,Tinashe Featuring ScHoolboy Q
157,Ariana Grande Featuring Iggy Azalea
158,Katy Perry Featuring Juicy J
159,Chase Rice
160,Childish Gambino
161,ScHoolboy Q Featuring BJ The Chicago Kid
162,Jimmy Fallon Featuring will.i.am
163,Glen Campbell
164,Avicii
165,Lil Wayne Featuring Drake
166,TeeFLii Featuring 2 Chainz
167,Yo Gotti
168,The Swon Brothers
169,Miranda Lambert Duet With Carrie Underwood
170,Lady Antebellum
171,"DJ Khaled Featuring Chris Brown, August Alsina, Future, & Jeremih"
172,Demi Lovato Featuring Cher Lloyd
173,OG Maco
174,Rich Homie Quan Featuring Problem
175,Tim McGraw Featuring Faith Hill
176,Dierks Bentley
177,Train
178,Lil Jon Featuring Tyga
179,alt-J
180,Kid Ink Featuring Chris Brown
181,Chris Brown Featuring Lil Wayne & French Montana Or Too $hort Or Tyga
182,Dustin Lynch
183,Jason Derulo Featuring Snoop Dogg
184,Eli Young Band
185,Chris Brown
186,Trey Songz
187,Calvin Harris
188,Iggy Azalea
189,Michael Jackson & Justin Timberlake
190,Jeezy Featuring Jay Z
191,Usher
192,DJ Snake & Lil Jon
193,Joe Nichols
194,"Steve Aoki, Chris Lake & Tujamo Featuring Kid Ink"
195,Rita Ora
196,Usher Featuring Nicki Minaj
197,Wiz Khalifa
198,Billy Currington
199,Ariana Grande Featuring Big Sean
200,KONGOS
201,Ingrid Michaelson
202,KCamp Featuring 2 Chainz
203,Tiesto Featuring Matthew Koma
204,Shakira
205,MKTO
206,Bastille
207,Florida Georgia Line Ft. Jason Derulo & Luke Bryan
208,AJR
209,Blake Shelton Featuring Gwen Sebastian
210,Paramore
211,Rixton
212,Jack & Jack
213,Eric Paslay
214,Jason Derulo Featuring 2 Chainz
215,Ty Dolla $ign Featuring Wiz Khalifa & DJ Mustard
216,Hilary Duff
217,Justin Timberlake
218,YG Featuring Drake
219,"""Weird Al"" Yankovic"
220,Troye Sivan
221,Weird Al Yankovic
222,American Authors
223,Young Money Featuring Drake
224,Ca$h Out
225,Idina Menzel
226,"Future Featuring Pharrell, Pusha T & Casino"
227,George Strait
228,The Band Perry
229,Pitbull Featuring Ke$ha
230,Naughty Boy Featuring Sam Smith
231,Justin Moore
232,Busta Rhymes Featuring Eminem
233,Craig Campbell
234,Pitbull Featuring Jennifer Lopez & Claudia Leitte
235,Jennifer Lopez
236,Afrojack Featuring Wrabel
237,Robin Thicke
238,Jamie N Commons & X Ambassadors
239,Miranda Lambert
240,Pitbull Featuring G.R.L.
241,Jhene Aiko
242,Christina Perri
243,Lana Del Rey
244,PSY Featuring Snoop Dogg
245,Neon Trees
246,Sara Bareilles
247,Brantley Gilbert
248,Tiesto
249,Phillip Phillips
250,Florida Georgia Line Featuring Luke Bryan
251,Rascal Flatts
252,Austin Mahone Featuring Pitbull
253,John Mayer
254,Jay Z Featuring Beyonce
255,Future Featuring Kanye West
256,Passenger
257,Christina Grimmie & Adam Levine
258,Christina Grimmie
259,Young Thug
260,Shakira Featuring Rihanna
261,Eminem Featuring Nate Ruess
262,Eminem Featuring Rihanna
263,Jerrod Niemann
264,Fitz And The Tantrums
265,The Black Keys
266,Jake Worthington
267,Craig Morgan
268,Aloe Blacc
269,Martin Garrix
270,Demi Lovato
271,Josh Kaufman
272,Hunter Hayes
273,Pharrell
274,The Chainsmokers
275,ScHoolboy Q
276,A Great Big World & Christina Aguilera
277,Beyonce Featuring Jay Z
278,Ty Dolla $ign Featuring B.o.B
279,Dan + Shay
280,Kristen Bell & Idina Menzel
281,Katy Tiz
282,Avril Lavigne
283,B.o.B Featuring Priscilla
284,"Kristen Bell, Agatha Lee Monn & Katie Lopez"
285,Arctic Monkeys
286,Hillsong UNITED
287,SoMo
288,"will.i.am Featuring Miley Cyrus, French Montana, Wiz Khalifa & DJ Mustard"
289,Sara Evans
290,YG Featuring Jeezy & Rich Homie Quan
291,Miley Cyrus
292,Cash Cash Featuring Bebe Rexha
293,Romeo Santos Featuring Drake
294,T-Pain Featuring B.o.B
295,Kristen Bell & Santino Fontana
296,Bruno Mars
297,Thompson Square
298,Lady Gaga
299,Chris Brown Featuring Lil Wayne & French Montana Or Too $hort
300,Drake Featuring Majid Jordan
301,Jennifer Lopez Featuring French Montana
302,John Newman
303,K. Michelle
304,Soko
305,Robin Thicke Featuring T.I. + Pharrell
306,AWOLNATION
307,Rick Ross Featuring Kanye West & Big Sean
308,U2
309,Rick Ross Featuring JAY Z
310,Wisin Featuring Jennifer Lopez & Ricky Martin
311,Rico Love
312,Daughtry
313,The 1975
314,Chris Brown Featuring Lil Wayne & French Montana Or & Too $hort
315,Eminem
316,The Fray
317,Tegan And Sara Featuring The Lonely Island
318,Danielle Bradbery
319,ScHoolboy Q Featuring Kendrick Lamar
320,Lady Gaga Featuring R. Kelly
321,Capital Cities
322,The Neighbourhood
323,David Nail
324,"Mike WiLL Made-It Featuring Miley Cyrus, Wiz Khalifa & Juicy J"
325,Calvin Harris Featuring Ayah Marar
326,Zedd Featuring Hayley Williams
327,Macklemore & Ryan Lewis Featuring ScHoolboy Q & Hollis
328,Sevyn Streeter Featuring Chris Brown
329,Buck 22 Featuring Billy Ray Cyrus
330,Drake Featuring 2 Chainz & Big Sean
331,Justin Bieber Featuring Chance The Rapper
332,Zac Brown Band
333,J. Cole Featuring Amber Coffman & The Cults
334,Jon Pardi
335,Kacey Musgraves
336,Kendrick Lamar Featuring MC Eiht
337,Enrique Iglesias Featuring Marco Antonio Solis
338,Keith Urban And Miranda Lambert
339,Chris Brown Featuring Nicki Minaj
340,Cassadee Pope
341,August Alsina Featuring Trinidad James
342,Flo Rida
343,Justin Bieber
344,Jay Z Featuring Justin Timberlake
345,Zendaya
346,Sage The Gemini Featuring IamSu!
347,Lucy Hale
348,Ylvis
349,Britney Spears
350,Juicy J Featuring Wale & Trey Songz
351,Hunter Hayes Featuring Jason Mraz
352,Lupe Fiasco Featuring Ed Sheeran
353,Future
354,Beyonce Featuring Jay-Z
355,B.o.B Featuring 2 Chainz
356,Beyonce Featuring Drake
357,Enrique Iglesias
358,Maejor Ali Featuring Juicy J & Justin Bieber
359,Kanye West
360,Nat King Cole
361,John Mayer Featuring Katy Perry
362,Brenda Lee
363,Tessanne Chin
364,Tessanne Chin & Adam Levine
365,Kelly Clarkson
366,Lana Del Rey & Cedric Gervais
367,Rebecca Black & Dave Days
368,Lea Michele
369,Jacquie Lee
370,R. Kelly Featuring 2 Chainz
371,Rihanna
372,Drake Featuring Jay Z
373,Big Sean Featuring Lil Wayne & Jhene Aiko
374,Tamar Braxton
375,Sage The Gemini
376,Rich Homie Quan
377,Will Champlin
378,Enya
379,Justin Bieber Featuring R. Kelly
380,Jay Z
381,Matthew Schuler
382,Travie McCoy Featuring Jason Mraz
383,Bon Jovi
384,Sage The Gemini Featuring IamSu
385,August Alsina Featuing Trinidad James
386,Taylor Swift Featuring Ed Sheeran
387,Prince Royce
388,Romeo Santos
389,A Great Big World Featuring Christina Aguilera
390,August Alsina & Trinidad James
391,James Wolpert
392,Robin Thicke Featuring Kendrick Lamar
393,Avril Lavigne Featuring Chad Kroeger
394,Zedd Featuring Foxes
395,J. Cole Featuring TLC
396,Daft Punk Featuring Pharrell Williams
397,Macklemore & Ryan Lewis Featuring Ray Dalton
398,P!nk Featuring Lily Allen
399,Tegan And Sara
400,Anna Kendrick
401,Tyga & Justin Bieber
402,Gavin DeGraw
403,Alison Gold
404,P!nk Featuring Nate Ruess
405,August Alsina/Trinidad James
406,Florida Georgia Line Featuring Nelly
407,Pearl Jam
408,Glee Cast
409,Enrique Iglesias Featuring Romeo Santos
410,Kanye West Featuring Cam'ron & Consequence
411,Macklemore & Ryan Lewis Featuring Mary Lambert
412,YG X Jeezy X Rich Homie Quan
413,Drake Featuring Jhene Aiko
414,Train Featuring Ashley Monroe
415,2 Chainz Featuring Pharrell
416,Bonnie McKee
417,Ariana Grande Featuring Mac Miller
418,Linkin Park X Steve Aoki
419,Easton Corbin
420,Charlie Worsham
421,Armin van Buuren Featuring Trevor Guthrie
422,"Rich Gang Featuring Lil Wayne, Birdman, Future, Mack Maine, Nicki Minaj"
423,Rihanna Featuring Mikky Ekko
424,Zedd featuring Hayley Williams Of Paramore
425,"Mike Will Made It Featuring Miley Cyrus, Wiz Khalifa & Juicy J"
426,Sheryl Crow
427,The FiNATTiCZ
428,J. Dash
429,Labrinth Featuring Emeli Sande
430,Juicy J Featuring Wale And Trey Songz
431,2 Chainz Featuring Drake & Lil Wayne
432,MIKA Featuring Ariana Grande
433,French Montana
434,Arcade Fire
435,Marc Anthony
436,Macklemore & Ryan Lewis Featuring Wanz
437,Ciara
438,Ariana Grande Featuring Nathan Sykes
439,Jay Z Featuring Rick Ross
440,Yo Gotti Featuring Jeezy & YG
441,Green Shoe Studio Featuring Jacob Colgan & Fred Stobaugh
442,J. Cole Featuring Miguel
443,Miguel
444,Avenged Sevenfold
445,Karmin
446,"DJ Khaled Featuring Drake, Rick Ross & Lil Wayne"
447,Rocko Featuring Future & Rick Ross
448,Mariah Carey Featuring Miguel
449,Ludacris
450,Ke$ha Featuring will.i.am Or Juicy J
451,Wale Featuring Sam Dew
452,Sean Kingston Featuring Chris Brown & Wiz Khalifa
453,Blake Shelton Featuring Pistol Annies & Friends
454,Icona Pop Featuring Charli XCX
455,Panic! At The Disco
456,Rihanna Featuring David Guetta
457,The Wanted
458,Fantasia Featuring Kelly Rowland & Missy Elliott
459,Wale Featuring Tiara Thomas Or Rihanna
460,The Lumineers
461,"Major Lazer Featuring Bruno Mars, Tyga & Mystic"
462,Mumford & Sons
463,Austin Mahone
464,Emblem3
465,"Ross Lynch, Grace Phipps And Jason Evigan"
466,Kip Moore
467,Lil Wayne Featuring 2 Chainz
468,Ciara Featuring Nicki Minaj
469,"Lil Wayne, Birdman, Future, Mack Maine, Nicki Minaj"
470,David Guetta Featuring Ne-Yo & Akon
471,Panic! At The Disco Featuring LoLo
472,PSY
473,Tim McGraw With Taylor Swift
474,Jay Z Featuring Frank Ocean
475,Pitbull Featuring Christina Aguilera
476,Justin Timberlake Featuring Jay Z
477,Emeli Sande
478,Chris Brown Featuring Aaliyah
479,Nicki Minaj Featuring Lil Wayne
480,will.i.am Featuring Justin Bieber
481,2 Chainz & Wiz Khalifa
482,Krewella
483,B.o.B Featuring T.I. & Juicy J
484,Baauer
485,Ace Hood Featuring Future & Rick Ross
486,A$AP Rocky Featuring Skrillex
487,Michelle Chamuel
488,Usher & Michelle Chamuel
489,Lil Wayne Featuring Drake & Future
490,Jennifer Lopez Featuring Pitbull
491,Jack Johnson
492,Amber Carrington
493,Rihanna Featuring Future
494,Fabolous Featuring Chris Brown
495,Hadouken!
496,"Tyga Featuring Cedric Gervais, Wiz Khalifa & Mally Mall"
497,Gloriana
498,A$AP Ferg
499,Wale Featuring Tiara Thomas
500,Olly Murs Featuring Flo Rida
501,T.I. Featuring Lil Wayne
502,Danielle Bradberry
503,Zach Sobiech
504,Little Mix
505,Kelly Rowland
506,"Fergie, Q-Tip & GoonRock"
507,Future Featuring Lil Wayne
508,fun.
509,Candice Glover
510,will.i.am & Britney Spears
511,Calvin Harris Featuring Florence Welch
512,Lupe Fiasco & Guy Sebastian
513,Carly Rae Jepsen Featuring Nicki Minaj
514,Young Jeezy Featuring 2 Chainz
515,"A$AP Rocky Featuring Drake, 2 Chainz & Kendrick Lamar"
516,Swedish House Mafia Featuring John Martin
517,Ray J Featuring Bobby Brackins
518,Fabolous Feat. Chris Brown
519,Arianna Featuring Pitbull
520,"Hustle Gang Featuring T.I., B.o.B, Kendrick Lamar & Kris Stephens"
521,French Montana Featuring Nicki Minaj
522,Trinidad James
523,Justin Bieber Featuring Ludacris
524,Juicy J Featuring Big Sean And Young Jeezy
525,Of Monsters And Men
526,will.i.am Featuring Miley Cyrus
527,Robin Thicke Featuring T.I. & Pharrell
528,Brad Paisley Featuring LL Cool J
529,Kelly Clarkson Featuring Vince Gill
530,WE the Kings
531,Muse
532,Kendrick Lamar Featuring Drake
533,P!nk
534,Jonas Brothers
535,Ke$ha
536,Jana Kramer
537,Alicia Keys Featuring Nicki Minaj
538,2 Chainz
539,Tyga Featuring Rick Ross
540,Justin Bieber Featuring Nicki Minaj
541,Jonn Hart Featuring IamSU!
542,Jason Aldean With Luke Bryan & Eric Church
543,The Script Featuring will.i.am
544,Nelly
545,"DJ Drama Featuring Wale, Tyga & Roscoe Dash"
546,Britt Nicole
547,Chief Keef
548,Wiz Khalifa Featuring The Weeknd
549,Afrojack Featuring Chris Brown
550,Adele
551,Pitbull Featuring TJR
552,Michael Buble
553,Big Sean
554,Alabama Shakes
555,Gotye Featuring Kimbra
556,Gary Allan
557,Joe Budden Featuring Lil Wayne & Tank
558,Casey James
559,Ne-Yo
560,Tim McGraw & Taylor Swift
561,Chris Cagle
562,"Kanye West, Jay-Z, Big Sean"
563,Carly Rae Jepsen
564,Lil Wayne Featuring Detail
565,The Lonely Island Featuring Adam Levine & Kendrick Lamar
566,Passion Pit
567,"The Barden Bellas, The Treblemakers & The BU Harmonics"
568,The Barden Bellas
569,Alex Clare
570,Juicy J Featuring Lil Wayne & 2 Chainz
571,Ludacris Featuring Usher & David Guetta
572,Kid Ink Featuring Meek Mill & Wale
573,"Game Featuring Chris Brown, Tyga, Wiz Khalifa & Lil Wayne"
574,Frank Ocean
575,Jonn Hart Featuring iamSU
576,A$AP Rocky Featuring Skrillex & Birdy Nam Nam
577,A$AP Rocky
578,Rick Ross Featuring Wale & Drake
579,Lifehouse Featuring Natasha Bedingfield
580,Anne Hathaway
581,Bridgit Mendler
582,Justin Bieber Featuring Big Sean
583,Meek Mill Featuring Kirko Bangz
584,Greg Bates
585,Samantha Barks
586,Kelly Rowland Featuring Lil Wayne
587,Cher Lloyd Featuring Becky G
588,Kid Cudi
589,"DJ Drama, 2 Chainz, Meek Mill, Jeremih"
590,2 Chainz Featuring Kanye West
591,Ludacris Featuring Kelly Rowland
592,will.i.am Featuring Britney Spears
593,Terry McDermott
594,50 Cent Featuring Eminem & Adam Levine
595,Enrique Iglesias Featuring Sammy Adams
596,Owl City & Carly Rae Jepsen
597,"French Montana Featuring Rick Ross, Drake, Lil Wayne"
598,Wiz Khalifa Featuring Akon
599,Nicholas David
600,Melanie Martinez
601,Christina Perri Featuring Steve Kazee
602,Swedish House Mafia Feat. John Martin
603,David Guetta Featuring Sia
604,Christina Aguilera With Blake Shelton
605,Grace Potter & The Nocturnals
606,Amanda Brown
607,Maroon 5 Featuring Wiz Khalifa
608,Trey Songz Featuring T.I.
609,Christina Aguilera
610,Brandy Featuring Chris Brown
611,"Kanye West, Big Sean, Pusha T, 2 Chainz"
612,David Guetta Featuring Chris Brown & Lil Wayne
613,Jason Mraz
614,2 Chainz Featuring Drake
615,Cher Lloyd
616,Sam Palladio & Clare Bowen
617,matchbox twenty
618,Meek Mill Featuring Drake
619,Kid Cudi Featuring King Chip
620,fun. Featuring Janelle Monae
621,Usher Featuring Rick Ross
622,Love And Theft
623,Keyshia Cole Featuring Lil Wayne
624,Chief Keef Featuring Lil Reese
625,John Legend Featuring Ludacris
626,"Kanye West, R. Kelly"
627,Calvin Harris Featuring Ne-Yo
628,Linkin Park
629,Carly Rae Jepsen Featuring Justin Bieber
630,"Wale Featuring Rick Ross, Meek Mill & T-Pain"
631,Olly Murs Featuring Chiddy Bang
632,J. Cole Featuring Missy Elliott
633,Kanye West  Jay-Z  Big Sean
634,Josh Turner
635,Green Day
636,Flo Rida Featuring Sia
637,Grouplove
638,No Doubt
639,B.o.B Featuring Taylor Swift
640,Nero
641,Driicky Graham
642,Lil Wayne Featuring Big Sean
643,Havana Brown Featuring Pitbull
644,Gym Class Heroes Featuring Ryan Tedder
645,Slaughterhouse Featuring Eminem
646,DJ Khaled Featuring Kanye West & Rick Ross
647,"DJ Khaled Featuring Chris Brown, Rick Ross, Nicki Minaj & Lil Wayne"
648,Pitbull
649,2 Chainz Featuring Lil Wayne
650,Nicki Minaj Featuring 2 Chainz
651,Lupe Fiasco
652,50 Cent Featuring Dr. Dre & Alicia Keys
653,Drake Featuring The Weeknd
654,Young Jeezy Featuring Ne-Yo
655,Toby Keith
656,The Killers
657,Pusha T   Kanye West
658,T.I.
659,Drake Featuring Lil Wayne
660,Skrillex Featuring Sirah
661,M83.
662,Dave Matthews Band
663,Pitbull Featuring Shakira
664,Nicki Minaj Featuring Chris Brown
665,LoveRance Featuring IamSu & Skipper or 50 Cent
666,Kirko Bangz
667,Drake Featuring Rihanna
668,LMFAO Featuring Lauren Bennett & GoonRock
669,Rihanna Featuring Chris Brown
670,Travis Porter Featuring Tyga
671,Rihanna Featuring Calvin Harris
672,"Wale Featuring Rick Ross, Meek Mill, & T-Pain"
673,BTR
674,Justin Bieber Featuring Drake
675,Michel Telo
676,B.o.B
677,Tyga Featuring Lil Wayne
678,LMFAO
679,"Waka Flocka Flame Featuring Nicki Minaj, Tyga & Flo Rida"
680,Andy Grammer
681,David Guetta Featuring Nicki Minaj
682,Jay Sean Featuring Pitbull
683,Maroon 5 Featuring Christina Aguilera
684,Ca$hOut
685,Snoop Dogg & Wiz Khalifa Featuring Bruno Mars
686,Gym Class Heroes Featuring Neon Hitch
687,Drake Featuring The Weekend
688,Kenny Chesney & Tim McGraw
689,Tyga
690,Tony Lucca
691,Adam Levine & Tony Lucca
692,Rihanna Featuring Jay-Z
693,Jermaine Paul
694,Christina Aguilera & Chris Mann
695,Fat Joe Featuring Chris Brown
696,Juliet Simms
697,Taylor Swift Featuring The Civil Wars
698,Skrillex
699,Pitbull Featuring Chris Brown
700,Chris Brown Featuring Kevin K-MAC McCall
701,Rick Ross Featuring Drake & French Montana
702,Mac Miller
703,Future Featuring T.I.
704,Kanye West Featuring DJ Khaled
705,Gotye
706,Jennifer Hudson & Ne-Yo Featuring Rick Ross
707,Jay Z  Kanye West
708,J. Cole Featuring Trey Songz
709,K'Naan Featuring Nelly Furtado
710,Montgomery Gentry
711,Lil Wayne Featuring Bruno Mars
712,Outasight
713,Coldplay Featuring Rihanna
714,Shinedown
715,Melanie Fiona
716,Waka Flocka Flame Featuring Trey Songz
717,Sean Paul
718,Diggy Featuring Jeremih
719,Madonna Featuring Nicki Minaj & M.I.A.
720,Young Jeezy Featuring Jay-Z & Andre 3000
721,Mary J. Blige Featuring Drake
722,Dev & Enrique Iglesias
723,David Guetta Featuring Usher
724,Maroon 5 Featuring Rozzi Crane
725,Bella Thorne
726,Big Sean Featuring Nicki Minaj
727,Florence + The Machine
728,Breathe Carolina
729,Foster The People
730,Selena Gomez & The Scene
731,Wale Featuring Miguel
732,Young The Giant
733,Far*East Movement Featuring Justin Bieber
734,Estelle
735,Whitney Houston
736,Gym Class Heroes Featuring Adam Levine
737,Drake Featuring Nicki Minaj
738,Tyga Featuring Nicki Minaj
739,Hot Chelle Rae Featuring New Boyz
740,Martina McBride
741,"Meek Mill Featuring T.I., Birdman, Lil Wayne, DJ Khaled, Rick Ross & Swizz Beatz"
742,Jay Z  Kanye West Featuring Frank Ocean
743,deadmau5 Featuring Greta Svabo Bech
744,"Meek Mill Featuring T.I., Birdman Lil Wayne, DJ Khaled, Rick Ross & Swizz Beatz"
745,Lindsey Pavao
746,Glee Cast Featuring Ricky Martin
747,T-Pain Featuring Wiz Khalifa & Lily Allen
748,B.o.B Featuring Lil Wayne
749,Rick Ross Featuring Nicki Minaj
750,Glee Cast Featuring 2Cellos
751,Waka Flocka Flame Featuring Drake
752,"YG Featuring Tyga, Snoopd Dogg & Nipsey Hussle"
753,"Pitbull Featuring Ne-Yo, Afrojack & Nayer"
754,will.i.am Featuring Mick Jagger & Jennifer Lopez
755,Beyonce Featuring Andre 3000
756,Cobra Starship Featuring Sabi
757,David Nail Featuring Sarah Buxton
758,Chris Brown Featuring Kevin McCall
759,Edens Edge
760,Van Halen
761,Snow Patrol
762,Nickelback
763,MGK Featuring Waka Flocka Flame
764,Nicki Minaj Featuring Rihanna
765,3OH!3
766,Wale Featuring Jeremih & Rick Ross
767,B.o.B Featuring Andre 3000
768,Rascal Flatts Featuring Natasha Bedingfield
769,Lil Wayne
770,V.I.C.
771,Roscoe Dash
772,Adam Lambert
773,Justin Bieber Featuring Busta Rhymes
774,"Ke$ha Featuring Lil Wayne, Wiz Khalifa, T.I. & Andre 3000"
775,Dev
776,T-Pain Featuring Lil Wayne
777,Romeo Santos Featuring Usher
778,Ace Hood Featuring Chris Brown
779,Big Sean Featuring Kanye West & Roscoe Dash
780,Enrique Iglesias Featuring Pitbull & The WAV.s
781,Jay Z  Kanye West Featuring Otis Redding
782,Alexandra Stan
783,Pitbull Featuring Marc Anthony
784,Mana Featuring Prince Royce
785,Drake Featuring Birdman
786,Bad Meets Evil Featuring Bruno Mars
787,Matt Nathanson Featuring Sugarland
788,Faith Hill
789,Ronnie Dunn
790,Chris Brown Feat. Ludacris
791,Red Hot Chili Peppers
792,Hot Chelle Rae
793,Rodney Atkins
794,New Boyz Feat. Chris Brown
795,Wale Featuring Meek Mill & Rick Ross
796,Mindless Behavior Featuring Diggy
797,Justin Bieber Duet With Mariah Carey
798,Bow Wow Featuring Lil Wayne
799,Justin Bieber Featuring Usher
800,Afrojack Featuring Eva Simons
801,Kaskade Featuring Neon Trees
802,Lloyd Featuring Andre 3000 & Lil Wayne
803,Brad Paisley Duet With Carrie Underwood
804,Sean Paul Featuring Alexis Jordan
805,Wale Featuring Kid Cudi
806,Trace Adkins
807,China Anne McClain
808,Tyga Featuring Drake
809,Evanescence
810,Matt Nathanson
811,Taio Cruz Featuring Flo Rida
812,T.I. Featuring Big K.R.I.T.
813,Kenny Chesney Featuring Grace Potter
814,Iyaz Featuring Travie McCoy
815,Steve Holy
816,Blink-182
817,Kreayshawn
818,Foo Fighters
819,Tyga Featuring Chris Richardson
820,Zac Brown Band Featuring Jimmy Buffett
821,Birdman Featuring Nicki Minaj & Lil Wayne
822,Chris Brown Featuring Benny Benassi
823,The Black Eyed Peas
824,Hugh Laurie
825,David Guetta Featuring Flo Rida & Nicki Minaj
826,Lupe Fiasco Featuring Trey Songz
827,Tony Bennett & Amy Winehouse
828,JoJo
829,Pistol Annies
830,Katy Perry Featuring Kanye West
831,Lil Wayne Featuring Drake & Jadakiss
832,Lil Wayne Featuring T-Pain
833,Lil Wayne Featuring John Legend
834,Jennifer Lopez Featuring Lil Wayne
835,David Guetta Featuring Jennifer Hudson
836,T-Pain Featuring Joey Galaxy
837,Tinie Tempah Featuring Wiz Khalifa
838,Game
839,Jason Aldean With Kelly Clarkson
840,Martin Solveig & Dragonette
841,New Boyz Featuring Chris Brown
842,Nicole Scherzinger
843,Wiz Khalifa Featuring Too $hort
844,Brad Paisley Featuring Alabama
845,Big Sean Featuring Chris Brown
846,T.I. Featuring B.o.B.
847,Trey Songz Featuring Drake
848,Chris Brown Featuring Lil Wayne & Busta Rhymes
849,T-Pain Featuring Chris Brown
850,Nicole Scherzinger Featuring 50 Cent
851,Five Finger Death Punch
852,Mat Kearney
853,Lil Wayne Featuring Rick Ross
854,"DJ Drama Featuring Fabolous, Roscoe Dash & Wiz Khalifa"
855,Jay-Z & Kanye West Featuring Otis Redding
856,Enrique Iglesias With Usher Featuring Lil Wayne
857,Kirk Franklin
858,Cee Lo Green
859,50 Cent
860,YC Featuring Future
861,Young Jeezy Featuring Lil Wayne
862,Ace Hood
863,Marsha Ambrosius
864,Bella Thorne & Zendaya
865,Seether
866,Javier Colon
867,Don Omar
868,Dia Frampton
869,Adam Levine & Javier Colon
870,Blake Shelton & Dia Frampton
871,Tinie Tempah Featuring Eric Turner
872,David Guetta Featuring Taio Cruz & Ludacris
873,Christina Aguilera & Beverly McClellan
874,Vicci Martinez
875,Pitbull Featuring T-Pain & Sean Paul
876,New Boyz Featuring The Cataracs & Dev
877,Iyaz
878,Big Sean Featuring Wiz Khalifa
879,Jeremih Featuring 50 Cent
880,Victorious Cast Featuring Victoria Justice
881,Xenia
882,Chris Brown Featuring Justin Bieber
883,Jill Scott Featuring Anthony Hamilton
884,Jason Aldean Featuring Ludacris
885,Jessie J Featuring B.o.B
886,Shania Twain
887,Dr. Dre Featuring Eminem & Skylar Grey
888,Casey Weston
889,Joe Jonas
890,Mike Posner Featuring Lil Wayne
891,Lauren Alaina
892,Don Omar & Lucenzo
893,Rej3ctz
894,My Chemical Romance
895,Steven Tyler
896,Reeve Carney Featuring Bono & The Edge
897,Enrique Iglesias Wtih Usher Featuring Lil Wayne
898,Nicki Minaj Featuring Drake
899,Rick Ross Featuring Lil Wayne Or T.I.
900,Glee Cast Featuring Jonathan Groff
901,Big Time Rush
902,Ashton Shepherd
903,Travis Porter
904,The Lonely Island Featuring Michael Bolton
905,Enrique Iglesias Featuring Ludacris & DJ Frank E
906,Jordin Sparks
907,Bad Meets Evil
908,Waka Flocka Flame Featuring Kebo Gotti
909,Diddy - Dirty Money Featuring Skylar Grey
910,Lil Wayne Featuring Cory Gunz
911,Glee Cast Featuring Kristin Chenoweth
912,Thirty Seconds To Mars
913,Britney Spears Featuring Nicki Minaj & Ke$ha
914,Pitbull Featuring T-Pain
915,"Bridgit Mendler, Adam Hicks, Naomi Scott & Hayley Kiyoko"
916,Akon
917,Duck Sauce
918,Fabolous
919,Keri Hilson
920,Taio Cruz
921,Glee Cast Featuring Gwyneth Paltrow
922,Justin Bieber Featuring Jaden Smith
923,Rebecca Black
924,Rihanna Featuring Britney Spears
925,Edward Maya & Vika Jigulina
926,Waka Flocka Flame Featuring Roscoe Dash & Wale
927,Far*East Movement Featuring Ryan Tedder
928,Game Featuring Lil Wayne
929,Jennifer Hudson
930,Sugarland
931,Josh Kelley
932,Snoop Dogg Featuring T-Pain
933,Jamie Foxx Featuring Drake
934,Mary Mary
935,"DJ Khaled Featuring Rick Ross, Plies, Lil Wayne & T-Pain"
936,Sara Ramirez
937,Taio Cruz Featuring Travie McCoy
938,Mann
939,Sunny Sweeney
940,Cage The Elephant
941,Rihanna Featuring Drake
942,Miranda Cosgrove
943,Lupe Fiasco Featuring MDMA
944,Flo Rida Featuring Akon
945,Dr. Dre Featuring Snoop Dogg & Akon
946,Usher Featuring Pitbull
947,Gorilla Zoe Featuring Lil Jon
948,Chris Medina
949,Sick Puppies
950,Willow
951,Aaron Lewis Featuring George Jones & Charlie Daniels
952,The JaneDear Girls
953,The Lonely Island Featuring Akon
954,Dev Featuring The Cataracs
955,Lloyd
956,David Guetta Featuring Rihanna
957,Kanye West & Jay-Z
958,Jay Sean Featuring Lil Wayne
959,Troop 41
960,Rick Ross Featuring Drake & Chrisette Michele
961,Lupe Fiasco Featuring Skylar Grey
962,Twista Featuring Chris Brown
963,New Hollow
964,Plain White T's
965,Far*East Movement Featuring Cataracs & Dev
966,Mike Posner
967,3 Doors Down
968,The Lonely Island Featuring Nicki Minaj
969,David Guetta Featuring Kid Cudi
970,Birdman Featuring Lil Wayne
971,Ricky Martin Featuring Natalia Jimenez
972,Enrique Iglesias Featuring Pitbull
973,Yolanda Be Cool & Dcup
974,Rise Against
975,Nicki Minaj Featuring Eminem
976,Mann Featuring 50 Cent
977,James Blunt
978,Garrett Hedlund & Leighton Meester
979,Yellowcard
980,Flo Rida Featuring David Guetta
981,Eminem Featuring Lil Wayne
982,Gwyneth Paltrow
983,Michael Jackson Duet With Akon
984,Reba
985,"Kanye West Featuring Jay-Z, Rick Ross, Bon Iver & Nicki Minaj"
986,My Darkest Days Featuring Zakk Wylde
987,T.I. Featuring Eminem
988,The Ready Set
989,Chris Brown Featuring Tyga & Kevin McCall
990,Kanye West Featuring Pusha T
991,Jesse McCartney
992,will.i.am & Nicki Minaj
993,Chiddy Bang
994,Zac Brown Band Featuring Alan Jackson
995,Kid Cudi Featuring MGMT & Ratatat
996,Miguel Featuring J. Cole
997,Diddy - Dirty Money Featuring Drake
998,R. Kelly
999,Shakira Featuring El Cata or Dizzee Rascal
1000,Sean Kingston Featuring Nicki Minaj
1001,Drake Featuring T.I. & Swizz Beatz
1002,Natasha Bedingfield
1003,"Kanye West Featuring Teyana Taylor, Nicki Minaj & Bon Iver"
1004,Usher Featuring Jay-Z
1005,Nelly Featuring Keri Hilson
1006,Katy Perry Featuring Snoop Dogg
1007,Kid Cudi Featuring Cee-Lo
1008,Jazmine Sullivan
1009,B.o.B Featuring Hayley Williams
1010,T.I. Featuring Chris Brown
1011,YG
1012,Jay Sean Featuring Nicki Minaj
1013,Monica
1014,RockMafia
1015,Kings Of Leon
1016,Usher Featuring will.i.am
1017,B.o.B Featuring Rivers Cuomo
1018,Hannah Montana Featuring Iyaz
1019,Shakira Featuring Freshlyground
1020,Josh Thompson
1021,T-Pain Featuring Rick Ross
1022,Rick Ross Featuring Styles P
1023,T.I. Featuring Keri Hilson
1024,Nelly Featuring T-Pain & Akon
1025,Cali Swag District
1026,Auburn Featuring Iyaz
1027,A Rocket To The Moon
1028,Shakira Featuring El Cata
1029,Travie McCoy Featuring Bruno Mars
1030,Lil Wayne Featuring Nicki Minaj
1031,Soulja Boy Tell'em
1032,New Boyz Featuring Iyaz
1033,Fantasia
1034,Kid Cudi Featuring Kanye West
1035,Uncle Kracker
1036,Gyptian
1037,Pink
1038,Taio Cruz Featuring Ludacris
1039,Sean Kingston
1040,David Guetta & Chris Willis Featuring Fergie & LMFAO
1041,Rihanna Featuring Slash
1042,La Roux
1043,Shontelle
1044,Ciara Featuring Ludacris
1045,3OH!3 Featuring Ke$ha
1046,Antoine Dodson & The Gregory Brothers Featuring Kelly Dodson
1047,Bobby Brackins Featuring Ray J
1048,Rob Thomas
1049,Alicia Keys
1050,Soundgarden
1051,Diddy - Dirty Money Featuring T.I.
1052,Young Jeezy Featuring Plies
1053,The Dirty Heads Featuring Rome
1054,B.o.B Featuring Bruno Mars
1055,Jaron And The Long Road To Love
1056,WE the Kings Featuring Demi Lovato
1057,Ludacris Featuring Trey Songz
1058,"DJ Khaled Featuring T-Pain, Ludacris, Snoop Dogg & Rick Ross"
1059,Asher Roth
1060,Clay Walker
1061,Enrique Iglesias Featuring Juan Luis Guerra
1062,Hannah Montana
1063,Sean Kingston & Justin Bieber
1064,Timbaland Featuring Katy Perry
1065,K'Naan
1066,Lady Gaga Featuring Beyonce
1067,Ludacris Featuring Nicki Minaj
1068,V V Brown
1069,Kanye West Featuring Dwele
1070,Jay-Z + Mr. Hudson
1071,Lil Jon Featuring LMFAO
1072,Eminem Featuring Pink
1073,Eminem Featuring Kobe
1074,"Kevin Rudolf Featuring Birdman, Jay Sean, & Lil Wayne"
1075,Lil Jon Featuring 3OH!3
1076,Drake Featuring Alicia Keys
1077,Jamie Foxx Featuring Justin Timberlake & T .I.
1078,Disturbed
1079,Jaheim
1080,Lloyd Banks Featuring Juelz Santana
1081,Steel Magnolia
1082,Christina Aguilera Featuring Nicki Minaj
1083,Usher Featuring Plies
1084,Lee DeWyze
1085,Lee DeWyze & Crystal Bowersox
1086,Taio Cruz Featuring Ke$ha
1087,Young Money
1088,Trey Songz Featuring Fabolous
1089,Timbaland Featuring Justin Timberlake
1090,Crystal Bowersox
1091,Will Young
1092,Glee Cast Featuring Neil Patrick Harris
1093,Glee Cast Featuring Idina Menzel
1094,Rick Ross Featuring Ne-Yo
1095,Timbaland Featuring Drake
1096,Young Money Featuring Gucci Mane
1097,Ke$ha Featuring 3OH!3
1098,Charice Featuring Iyaz
1099,Erykah Badu
1100,Young Money Featuring Lloyd
1101,Kris Allen
1102,Lil Wayne Featuring Eminem
1103,Spose
1104,Maxwell
1105,B.o.B Featuring Eminem & Haley Williams
1106,David Guetta Featuring Akon
1107,Blake Shelton Featuring Trace Adkins
1108,Glee Cast Featuring Olivia Newton-John
1109,Theory Of A Deadman
1110,Breaking Benjamin
1111,Mike Posner Featuring Big Sean
1112,"Glee Cast Featuring Lea Michele, Jonathan Groff, Cory Monteith, Chris Colfer & Amber Riley"
1113,The-Dream
1114,Alpha Rev
1115,B.o.B Featuring Hayley Williams Of Paramore
1116,Orianthi
1117,Lifehouse
1118,B.o.B Featuring T.I. & Playboy Tre
1119,Glee Cast Featuring Lea Michele & Cory Monteith
1120,Gucci Mane
1121,"Glee Cast Feat. Matthew Morrison, Jayma Mayes, Naya Rivera, Cory Monteith & Lea Michele"
1122,Glee Cast Featuring Chris Colfer & Amber Riley
1123,Glee Cast Featuring Lea Michele
1124,Mary J. Blige
1125,Waka Flocka Flame
1126,Glee Cast Featuring Jonathan Groff & Lea Michele
1127,"Glee Cast Featuring Lea Michele, Cory Monteith & Amber Riley"
1128,Roscoe Dash Featuring Soulja Boy Tell'em
1129,Jay-Z + Swizz Beatz
1130,New Boyz Featuring Ray J
1131,Yo Gotti Featuring Lil Wayne
1132,LMFAO Featuring Lil Jon
1133,Birdman Featuring Drake & Lil Wayne
1134,Jay-Z + Alicia Keys
1135,Rihanna Featuring Jeezy
1136,Matisyahu
1137,T-Pain
1138,Snoop Dogg
1139,Sade
1140,Owl City
1141,Jay Sean Featuring Sean Paul & Lil Jon
1142,Disney's Friends For Change
1143,Godsmack
1144,Phoenix
1145,Boys Like Girls Featuring Taylor Swift
1146,Sam Adams
1147,Three 6 Mafia Vs. Tiesto With Sean Kingston & Flo Rida
1148,Mario
1149,Artists For Haiti
1150,Danny Gokey
1151,3OH!3 Featuring Neon Hitch
1152,Pitbull Featuring Akon
1153,"Drake Featuring Kanye West, Lil Wayne & Eminem"
1154,General Larry Platt
1155,Snoop Dogg Featuring The-Dream
1156,Creed
1157,Kellie Pickler
1158,Christopher Wilde
1159,k.d. lang
1160,Birdman Featuring Lil Wayne & Drake
1161,Christopher Wilde & Anna Margaret
1162,Mariah Carey Featuring Nicki Minaj
1163,Chris Brown Featuring Lil Wayne & Swizz Beatz
1164,Gucci Mane Featuring Usher
1165,Snow Patrol Featuring Martha Wainwright
1166,Cascada
1167,Mary J. Blige & Andrea Bocelli
1168,Lil Wayne Featuring Gudda
1169,Justin Timberlake & Matt Morris Featuring Charlie Sexton
1170,Nick Jonas & The Administration
1171,Lil Wayne Featuring Shanell AKA SNL
1172,Shiny Toy Guns
1173,"Sheryl Crow, Kid Rock & Keith Urban"
1174,"Jay-Z, Bono, The Edge & Rihanna"
1175,Eddie Vedder
1176,Jennifer Hudson Featuring The Roots
1177,Jason Michael Carroll
1178,Three Days Grace
1179,50 Cent Featuring Ne-Yo
1180,Shakira Featuring Lil Wayne
1181,Cobra Starship
1182,Drake Featuring Lil Wayne & Young Jeezy
1183,Gucci Mane Featuring Plies Or OJ Da Juiceman
1184,Jesse McCartney Featuring T-Pain
1185,New Boyz Feat. Ray J
1186,"Jay-Z, Rihanna & Kanye West"
1187,Ester Dean Featuring Chris Brown
1188,Weezer
1189,Eminem Featuring Dr. Dre
1190,Omarion Featuring Gucci Mane
1191,"Glee Cast Featuring Lea Michele, Cory Monteith, Jenna Ushkowitz & Amber Riley"
1192,"Glee Cast Featuring Lea Michele, Cory Monteith, Kevin McHale & Amber Riley"
1193,Chris Brown Featuring Plies
1194,Glee Cast Featuring Amber Riley
1195,Trey Songz Featruing Fabolous
1196,Michael Franti & Spearhead Featuring Cherine Anderson
1197,Timbaland Featuring Nelly Furtado & SoShy
1198,Kenny Chesney With Dave Matthews
1199,Leona Lewis
1200,Jeremih
1201,30 Seconds To Mars
1202,LeToya Featuring Ludacris
1203,Susan Boyle
1204,Glee Cast Featuring Jenna Ushkowitz
1205,"Glee Cast Featuring Amber Riley, Kevin McHale, Cory Monteith & Lea Michele"
1206,John Mayer Featuring Taylor Swift
1207,Lady Gaga Featuring Space Cowboy & Flo Rida
1208,Francesca Battistelli
1209,Mario Featuring Gucci Mane & Sean Garrett
1210,Glee Cast Featuring Kevin McHale & Amber Riley
1211,Glee Cast Featuring Matthew Morrison
1212,Glee Cast Featuring Cory Monteith
1213,Glee Cast Featuring Chris Colfer & Lea Michele
1214,Glee Cast Featuring Matthew Morrison & Lea Michele
1215,Boys Like Girls
1216,Cobra Starship Featuring Leighton Meester
1217,Drake Featuring Trey Songz & Lil Wayne
1218,Anya Marina
1219,"Mary Mary Featuring Kierra ""KiKi"" Sheard"
1220,Timbaland Featuring The Fray & Esthero
1221,Fabolous Featuring The-Dream
1222,3OH!3 Featuring Katy Perry
1223,R. Kelly Featuring Keri Hilson
1224,Flo Rida Featuring Ne-Yo
1225,Pleasure P
1226,Chamillionaire
1227,New Boyz
1228,Glee Cast Featuring Mark Salling
1229,Keri Hilson Featuring Kanye West & Ne-Yo
1230,Trey Songz Featuring Gucci Mane & Soulja Boy Tell'em
1231,Brooks & Dunn Featuring Billy Gibbons
1232,Wonder Girls
1233,Five For Fighting
1234,Dorrough
1235,Darryl Worley
1236,Alice In Chains
1237,Keyshia Cole Duet With Monica
1238,The All-American Rejects
1239,Kid Cudi Featuring Kanye West & Common
1240,David Cook
1241,Ginuwine
1242,Jack Ingram
1243,Parachute
1244,Three 6 Mafia Featuring Kalenna
1245,Twista Featuring Erika Shevon
1246,Gucci Mane Featuring Plies
1247,Wale Featuring Lady Gaga
1248,Skillet
1249,Jessie James
1250,Flo Rida Featuring Nelly Furtado
1251,The Pussycat Dolls Featuring Nicole Scherzinger
1252,David Guetta Featuring Kelly Rowland
1253,Michael Franti & Spearhead
1254,Drake Featuring Trey Songz
1255,Matt & Kim
1256,Carolina Liar
1257,The Ting Tings
1258,Madonna
1259,Kristinia DeBarge
1260,"Jamie Foxx Featuring Drake, Kanye West & The-Dream"
1261,T.I. Featuring Mary J. Blige
1262,Jay-Z
1263,Twista
1264,Michelle Branch
1265,The-Dream Featuring Kanye West
1266,Beastie Boys Featuring Nas
1267,Jamie Foxx Featuring T-Pain
1268,OneRepublic With Sara Bareilles
1269,Flo Rida Featuring Wynter
1270,F.L.Y. (Fast Life Yungstaz)
1271,Lady Gaga Featuring Colby O'Donis
1272,Maino Featuring T-Pain
1273,Hannah Montana Featuring David Archuleta
1274,Lupe Fiasco Featuring Matthew Santos
1275,Selena Gomez & Demi Lovato
1276,Alan Jackson
1277,Hurricane Chris Featuring SupaSTAAR
1278,Soulja Boy Tell 'em Featuring Sammie
1279,The Lonely Island Featuring T-Pain
1280,The Veronicas
1281,Gorilla Zoe
1282,T.I. Featuring Justin Timberlake
1283,All Time Low
1284,Fast Life Yungstaz (F.L.Y.)
1285,Jesse McCartney Featuring Ludacris
1286,Madcon
1287,Hurricane Chris Featuring Superstarr
1288,Kevin Rudolf Featuring Rick Ross
1289,Mitchel Musso
1290,Musiq Soulchild
1291,K'Jon
1292,Carrie Underwood Featuring Randy Travis
1293,Yung L.A. Featuring Young Dro & T.I.
1294,Kanye West Featuring Young Jeezy
1295,Ciara Featuring Justin Timberlake
1296,Ciara Featuring Young Jeezy
1297,Charice
1298,Jason Mraz & Colbie Caillat
1299,Keri Hilson Featuring Lil Wayne
1300,Rick Ross Featuring John Legend
1301,Paula Abdul
1302,A R Rahman & The Pussycat Dolls Featuring Nicole Scherzinger
1303,Chrisette Michele
1304,GS Boyz
1305,Bow Wow Featuring Johnta Austin
1306,"Eminem, Dr. Dre & 50 Cent"
1307,Mike Jones
1308,Charlie Wilson
1309,Akon Featuring Colby O'Donis & Kardinal Offishall
1310,Lily Allen
1311,Kevin Rudolf Featuring Lil Wayne
1312,The White Tie Affair
1313,Miley Cyrus & Billy Ray Cyrus
1314,"Rick Ross Featuring Kanye West, T-Pain, Lil' Wayne"
1315,DAY26 Featuring P. Diddy & Yung Joc
1316,Ne-Yo Featuring Jamie Foxx & Fabolous
1317,John Rich
1318,Mims
1319,Silversun Pickups
1320,Ashley Tisdale
1321,The Pussycat Dolls
1322,Keyshia Cole
1323,MGMT
1324,The-Dream Featuring Mariah Carey
1325,Jamie Foxx Featuring T.I.
1326,T.I. Featuring Rihanna
1327,Papa Roach
1328,Kenny Chesney With Mac McAnally
1329,Brooks & Dunn Featuring Reba McEntire
1330,Bobby V Featuring Yung Joc
1331,Lee Ann Womack
1332,Thriving Ivory
1333,Framing Hanley
1334,Plies Featuring Ashanti
1335,John Legend Featuring Andre 3000
1336,Brooke White
1337,Flo Rida Featuring Pleasure P
1338,Jim Jones & Ron Browz Featuring Juelz Santana
1339,Akon Featuring Lil Wayne & Young Jeezy
1340,Ludacris Co-Starring T-Pain
1341,M.I.A. & A R Rahman
1342,Flo Rida Featuring Ke$ha
1343,Bobby Valentino Featuring Yung Joc
1344,Coldplay With Jay-Z
1345,Young Jeezy Featuring Nas
1346,Spectacular! Cast
1347,T-Pain Featuring Ludacris
1348,A.R. Rahman & The Pussycat Dolls Featuring Nicole Scherzinger
1349,Musiq Soulchild Featuring Mary J. Blige
1350,Plies Featuring Chris J
1351,The Offspring
1352,Bruce Springsteen
1353,Keyshia Cole Featuring 2Pac
1354,Saving Abel
1355,Pitbull Featuring Lil Jon
1356,Pat Green
1357,Brad Paisley Duet With Keith Urban
1358,Apocalyptica Featuring Adam Gontier
1359,Jamey Johnson
1360,will.i.am
1361,Jay-Z & T.I. Featuring Kanye West & Lil Wayne
1362,David Archuleta
1363,Lil Wayne Featuring Bobby Valentino & Kidd Kidd
1364,O.A.R.
1365,Metro Station
1366,Hinder
1367,The Rock Heroes
1368,The Red Jumpsuit Apparatus
1369,Brandy
1370,Busta Rhymes Featuring Ron Browz
1371,Avant
1372,Common Featuring Pharrell
1373,DJ Khaled Featuring Kanye West & T-Pain
1374,Secondhand Serenade
1375,Gavin Rossdale
1376,Kenny Chesney With The Wailers
1377,The Lonely Island
1378,Kanye West Featuring Lil Wayne
1379,The Game Featuring Lil Wayne
1380,Savage Featuring Soulja Boy Tell'em
1381,Busta Rhymes
1382,Luis Fonsi
1383,Slim Featuring Yung Joc
1384,M.I.A.
1385,Ludacris Co-Starring Lil Wayne
1386,Akon Featuring Lil Wayne
1387,Guns N' Roses
1388,Ludacris Co-Starring Chris Brown & Sean Garrett
1389,Jimmy Wayne
1390,Jack White & Alicia Keys
1391,Bucky Covington
1392,Ace Hood Featuring Trey Songz
1393,Pleasure P.
1394,Kid Rock
1395,Akon & Sweet Rush
1396,Flo Rida Featuring will.i.am
1397,Estelle Featuring Kanye West
1398,Kardinal Offishall Featuring Akon
1399,Rehab
1400,Buckcherry
1401,High School Musical 3 Cast
1402,Metallica
1403,Mike Jones Featuring Trey Songz & Twista
1404,Zac Efron & Vanessa Hudgens
1405,Nelly Featuring Ashanti & Akon
1406,Chuck Wicks
1407,Young Jeezy Featuring Kanye West
1408,Heidi Newfield
1409,"Mike Jones Featuring Trey Songz, Lil Wayne & Twista"
1410,September
1411,Ray LaMontagne
1412,Keith Anderson
1413,Yung Berg Featuring Casha
1414,Plies Featuring Jamie Foxx & The-Dream
1415,Oasis
1416,"DJ Khaled Feat. Akon, Plies, Young Jeezy, Rick Ross, Ace Hood, Trick Daddy & Lil' Boosie"
1417,Ciara Featuring T-Pain
1418,LL Cool J Featuring The-Dream
1419,David Banner Featuring Chris Brown
1420,"Three 6 Mafia Featuring Project Pat, Young D & Superpower"
1421,Lil Wayne Featuring Jay-Z
1422,The Lost Trailers
1423,Rick Ross Featuring Nelly & Avery Storm
1424,Gym Class Heroes Featuring The-Dream
1425,Demi Lovato Featuring Jonas Brothers
1426,Lil Wayne Featuring Bobby Valentino
1427,Lil Wayne Featuring Static Major
1428,Artists Stand Up To Cancer
1429,Joshua Radin
1430,Maroon 5 Featuring Rihanna
1431,Hit Masters
1432,Shwayze
1433,T.I. Featuring Swizz Beatz
1434,Studio All-Stars
1435,Duffy
1436,Marvin Sapp
1437,Jordin Sparks Duet With Chris Brown
1438,Staind
1439,Plies Featuring Ne-Yo
1440,Flobots
1441,Brooks & Dunn
1442,Lloyd Featuring Lil Wayne
1443,Bow Wow Featuring Soulja Boy Tell'em
1444,Colby O'Donis Featuring Akon
1445,Hot Stylz Featuring Yung Joc
1446,Goo Goo Dolls
1447,Danity Kane
1448,Melissa Lawson
1449,New Kids On The Block
1450,Jessica Simpson
1451,Usher Featuring Young Jeezy
1452,Shwayze Featuring Cisco Adler
1453,Madonna Featuring Justin Timberlake
1454,Demi Lovato & Joe Jonas
1455,Flex
1456,Ray J & Yung Berg
1457,Flo Rida Featuring T-Pain
1458,Josh Gracin
1459,Meryl Streep
1460,Usher Featuring Beyonce & Lil Wayne
1461,Flyleaf
1462,Nas Featuring Keri Hilson
1463,Sugarland Featuring Little Big Town & Jake Owen
1464,The Game Featuring Keyshia Cole
1465,Nelly Featuring Ciara & JD
1466,Julianne Hough
1467,"DJ Khaled Featuring Akon, Rick Ross, Young Jeezy, Lil' Boosie, Trick Daddy, Ace Hood & Pli"
1468,James Otto
1469,Vanessa Hudgens
1470,Cast Of Camp Rock
1471,Ashanti
1472,Kanye West Featuring Chris Martin
1473,Rick Ross Featuring T-Pain
1474,2 Pistols Featuring T-Pain & Tay Dizm
1475,Death Cab For Cutie
1476,Timbaland Featuring OneRepublic
1477,Sean Kingston Featuring Elan & Juelz Santana
1478,Nelly Featuring Akon & Ashanti
1479,Phil Vassar
1480,Tyga Featuring Travis McCoy
1481,Josh Turner Featuring Trisha Yearwood
1482,Yael Naim
1483,Lil Wayne Featuring Juelz Santana & Fabolous
1484,"DJ Laz Featuring Flo Rida, Casely & Pitbull"
1485,Panic At The Disco
1486,Raheem DeVaughn
1487,Nelly Featuring Fergie
1488,David Guetta & Chris Willis
1489,Puddle Of Mudd
1490,DJ Laz Featuring Flo Rida & Casely
1491,Ferras
1492,Finger Eleven
1493,Kate Voegele
1494,Cherish Featuring Yung Joc
1495,Jason Mraz Featuring Colbie Caillat
1496,C-Side Featuring Keyshia Cole
1497,Jewel
1498,"Webbie, Lil' Phat & Lil' Boosie"
1499,Flo Rida Featuring Timbaland
1500,Fall Out Boy Featuring John Mayer
1501,Lil Mama Featuring Chris Brown & T-Pain
1502,Busta Rhymes Featuring Linkin Park
1503,Shawty Lo
1504,Augustana
1505,Usher Featurnig Beyonce & Lil Wayne
1506,G Unit
1507,Ashlee Simpson With Tom Higgenson
1508,Soulja Boy Tell'em Featuring Arab
1509,Fat Joe Featuring J. Holiday
1510,J. Holiday
1511,Rocko
1512,Janet
1513,Kenny Chesney Duet With George Strait
1514,Mariah Carey Featuring T-Pain
1515,American Idol Top 8
1516,Annie Lennox
1517,DAY26
1518,Radiohead
1519,R.E.M.
1520,Flo Rida Featuring Sean Kingston
1521,Enur Featuring Natasja
1522,Missy Elliott
1523,Ryan Leslie
1524,Paula Abdul & Randy Jackson
1525,"Wyclef Jean Featuring Akon, Lil Wayne & Niia"
1526,Gnarls Barkley
1527,Dolla Featuring T-Pain & Tay Dizm
1528,Aly & AJ
1529,Baby Bash Featuring Sean Kingston
1530,Glen Hansard & Marketa Irglova
1531,Chris Brown Featuring T-Pain
1532,"DJ Felli Fel Featuring Diddy, Akon, Ludacris & Lil Jon"
1533,Natasha Bedingfield Featuring Sean Kingston
1534,Plies Featuring Akon
1535,Santana Featuring Chad Kroeger
1536,Billy Ray Cyrus With Miley Cyrus
1537,Rihanna Featuring Ne-Yo
1538,Lil Mama Featuring Chris Brown
1539,Baby Bash Featuring T-Pain
1540,Timbaland Featuring Keri Hilson
1541,Celine Dion & Josh Groban
1542,Amy Winehouse Featuring Ghostface Killah
1543,Lenny Kravitz
1544,Bow Wow & Omarion
1545,Keyshia Cole Introducing Amina
1546,The Last Goodnight
1547,Michael Jackson With Akon
1548,Kanye West Featuring T-Pain
1549,Playaz Circle Featuring Lil Wayne
1550,Pitbull Featuring Trina & Young Bo$$
1551,Dragonforce
1552,Good Charlotte
1553,"DJ Khaled Featuring T-Pain, Trick Daddy, Rick Ross & Plies"
1554,Cassidy Featuring Swizz Beatz
1555,Michael Cera & Ellen Page
1556,Soulja Boy Tell'em Featuring I-15
1557,Fabolous Featuring Jermaine Dupri
1558,Alvin And The Chipmunks Featuring Chris Classic
1559,Celine Dion
1560,Alvin And The Chipmunks
1561,Feist
1562,Landon Pigg
1563,Chingy Featuring Amerie
1564,Miranda Cosgrove Featuring Drake Bell
1565,Justin Timberlake Duet With Beyonce
1566,50 Cent Featuring Justin Timberlake & Timbaland
1567,Juanes
1568,LeAnn Rimes
1569,Garth Brooks
1570,50 Cent Featuring Akon
1571,Wisin & Yandel
1572,Keyshia Cole Featuring Missy Elliott & Lil Kim
1573,CSS
1574,Hurricane Chris Featuring Big Poppa
1575,Plies Featuring T-Pain
1576,Elliott Yamin
1577,Spice Girls
1578,T.I. Featuring Wyclef Jean
1579,T-Pain Featuring Akon
1580,Serj Tankian
1581,T-Pain Featuring Yung Joc
1582,Hurricane Chris
1583,Fabolous Featuring Ne-Yo
1584,Kat DeLuna Featuring Elephant Man
1585,Ciara Featuring 50 Cent
1586,Reba McEntire Duet With Kelly Clarkson
1587,UGK Featuring OutKast
1588,Cupid
1589,Gym Class Heroes
1590,Swizz Beatz
1591,Backstreet Boys
1592,R. Kelly Duet With Usher
1593,Shop Boyz
1594,Gwen Stefani Featuring Akon
1595,Down A.K.A. Kilo
1596,Nelly Furtado
1597,Soulja Boy
1598,Yung Berg Featuring Junior
1599,Paula DeAnda Featuring Bow Wow
1600,High School Musical 2 Cast
1601,Zac Efron & Vanessa Anne Hudgens
1602,Amy Winehouse
1603,Zac Efron/Vanessa Anne Hudgens
1604,Yung Joc Featuring Gorilla Zoe
1605,Tim McGraw With Faith Hill
1606,Eve
1607,Zac Efron
1608,Lil Boosie Featuring Foxx & Webbie
1609,Corbin Bleu And Lucas Grabeel
1610,Ashley Tisdale And Lucas Grabeel
1611,Zac Efron And Vanessa Anne Hudgens
1612,Tracy Lawrence
1613,The White Stripes
1614,Lil Mama
1615,Timbaland Featuring Nelly Furtado & Justin Timberlake
1616,Kelly Rowland Featuring Eve
1617,Emerson Drive
1618,Billy Ray Cyrus
1619,Huey
1620,Fergie Featuring Ludacris
1621,Bone Thugs-N-Harmony Featuring Akon
1622,Bobby Valentino Featuring Timbaland
1623,Cast Of Hairspray
1624,Tank
1625,"DJ Khaled Featuring T.I., Akon, Rick Ross, Fat Joe, Lil' Wayne & Baby"
1626,Beyonce & Shakira
1627,Bow Wow Featuring T-Pain & Johnta Austin
1628,Unk
1629,R. Kelly Or Bow Wow (Featuring T.I. & T-Pain)
1630,Paul McCartney
1631,Crime Mob Featuring Lil Scrappy
1632,Dashboard Confessional
1633,Daddy Yankee Featuring Fergie
1634,The Smashing Pumpkins
1635,Ozzy Osbourne
1636,Diddy Featuring Keyshia Cole
1637,Gym Class Heroes Featuring Patrick Stump
1638,Blake Lewis
1639,Baby Boy Da Prince Featuring Lil Boosie
1640,India.Arie
1641,Young Jeezy Featuring R. Kelly
1642,Maroon5
1643,Freak Nasty Featuring Crazy Mike
1644,Katharine McPhee
1645,Three 6 Mafia Featuring Chamillionaire
1646,"DJ Khaled Featuring T.I. Akon, Rick Ross, Fat Joe. Lil' Wayne & Baby"
1647,Kelly Clarkson Featuring Jeff Beck
1648,Josh Groban & The African Children's Choir
1649,MIKA
1650,Paul Wall Featuring Jermaine Dupri
1651,Lumidee Featuring Tony Sunshine
1652,Down AKA Kilo
1653,Incubus
1654,Joe
1655,Pretty Ricky
1656,Rich Boy Featuring Polow Da Don
1657,"DJ Khaled Featuring T.I. Akon, Rick Ross, Fat Joe. Lil' Wayne, Baby"
1658,Omarion
1659,Lloyd Featuring Lil' Wayne
1660,Blue October
1661,Young Buck
1662,Fat Joe Featuring Lil Wayne
1663,Akon Featuring Snoop Dogg
1664,Akon Featuring Eminem
1665,Rihanna & Sean Paul
1666,Brandi Carlile
1667,Chris Brown Featuring Jay Biz
1668,Bjork
1669,Timbaland Featuring One Republic
1670,Good Charlotte Featuring M. Shadows And Synyster Gates
1671,Jim Jones
1672,Fabolous Featuring Young Jeezy
1673,Ludacris Featuring Mary J. Blige
1674,Modest Mouse
1675,The Game Featuring Kanye West
1676,Marques Houston
1677,Hellogoodbye
1678,Justin Timberlake Featuring T.I.
1679,Joss Stone
1680,Regina Spektor
1681,The Fratellis
1682,Jibbs Featuring Chamillionaire
1683,Yung Joc Featuring Marques Houston & Trey Songz
1684,Nine Inch Nails
1685,Dixie Chicks
1686,The Pussycat Dolls Featuring Timbaland
1687,Paula DeAnda Featuring The DEY
1688,Diddy Featuring Christina Aguilera
1689,Korn Featuring Amy Lee
1690,Snoop Dogg Featuring R. Kelly
1691,Bow Wow Featuring Chris Brown & Johnta Austin
1692,KT Tunstall
1693,Paul Wall Featuring Lil' KeKe
1694,AnnaSophia Robb
1695,Corinne Bailey Rae
1696,Young Jeezy
1697,Jordan Pruitt
1698,Corbin Bleu
1699,Bow Wow Or R. Kelly (Featuring T.I. & T-Pain)
1700,Lil' Boosie Featuring Yung Joc
1701,Norah Jones
1702,The Naked Brothers Band
1703,Trent Tomlinson
1704,Stone Sour
1705,Ludacris Featuring Pharrell
1706,Lil Scrappy Featuring Young Buck
1707,The Shins
1708,The Wreckers
1709,Petey Pablo
1710,Jay-Z Featuring Chrisette Michele
1711,Cartel
1712,Cherish
1713,U2 & Green Day
1714,Birdman & Lil Wayne
1715,Diddy Featuring Nicole Scherzinger
1716,"Eminem, 50 Cent, Lloyd Banks & Cashis"
1717,AFI
1718,Nas Featuring will.i.am
1719,Lady Sovereign
1720,Chingy Featuring Jermaine Dupri
1721,Webstar & Young B Featuring The Voice Of Harlem
1722,Sarah McLachlan
1723,The Killers Featuring Toni Halliday
1724,Heartland
1725,RBD
1726,Jibbs
1727,The Game
1728,Josh Groban
1729,Ciara Featuring Chamillionaire
1730,Lonestar
1731,Ricky Martin Featuring La Mari
1732,The Pussycat Dolls Featuring Snoop Dogg
1733,Mario Vazquez
1734,Brooke Hogan Featuring Paul Wall
1735,Ying Yang Twins Featuring Wyclef
1736,Rick Ross
1737,Lyfe Jennings
1738,Lionel Richie
1739,Chris Cornell
1740,Shareefa Featuring Ludacris
1741,The Game Featuring Junior Reid
1742,(+44)
1743,Monica Featuring Dem Franchize Boyz
1744,Yung Joc Featuring Brandy 'Ms. B.' Hambrick
1745,Bowling For Soup
1746,Frankie J Featuring Mannie Fresh & Chamillionaire
1747,Alejandro Sanz
1748,Ruben Studdard
1749,Toby Love Featuring Rakim & Ken-Y
1750,Chingy Featuring Tyrese
1751,Nelly Furtado Featuring Timbaland
1752,E-40 Featuring T-Pain & Kandi Girl
1753,John Mellencamp
1754,Janet Featuring Khia
1755,Cassie
1756,Sean Paul Feat. Keyshia Cole
1757,Tenacious D
1758,Janet & Nelly
1759,Fort Minor Featuring Styles Of Beyond
1760,Fergie Featuring will.i.am
1761,Young Dro Featuring T.I.
1762,Shakira Featuring Wyclef Jean
1763,Nick Lachey
1764,Yung Joc
1765,Brooks & Dunn With Sheryl Crow & Vince Gill
1766,Lil Jon Featuring E-40 & Sean Paul Of The YoungBloodZ
1767,Cherish Featuring Sean Paul Of The YoungBloodZ
1768,The Raconteurs
1769,Cham Featuring Alicia Keys
1770,Lloyd Banks Featuring 50 Cent
1771,Brown Boy
1772,Paulina Rubio
1773,Kelis Featuring Too $hort
1774,Chamillionaire Featuring Krayzie Bone
1775,Daniel Powter
1776,The Pack
1777,Paris Hilton
1778,Keane
1779,The Cheetah Girls
1780,LeToya
1781,OutKast
1782,Field Mob Featuring Ciara
1783,OutKast Featuring Scar & Sleepy Brown
1784,Mana
1785,Chris Brown Featuring Lil' Wayne
1786,Fort Minor Featuring Holly Brook
1787,Anna Nalick
1788,Taking Back Sunday
1789,Paula DeAnda Featuring Baby Bash
1790,Mary J. Blige Featuring Brook-Lyn
1791,Busta Rhymes Featuring will.i.am & Kelis
1792,Ashlee Simpson
1793,Sean Paul Featuring Keyshia Cole
1794,Pharrell Featuring Kanye West
1795,Jeannie Ortega Featuring Papoose
1796,Cheyenne Kimball
1797,Taylor Hicks
1798,Korn
1799,Audioslave
1800,Lustra
1801,Ashley Parker Angel
1802,Jamie Foxx Featuring Twista
1803,Shawnna
1804,Angels And Airwaves
1805,Rakim & Ken-Y
1806,Anthony Hamilton
1807,Janet Duet With Nelly
1808,Tom Petty
1809,Bubba Sparxxx Featuring Ying Yang Twins & Mr. ColliPark
1810,Dem Franchize Boyz
1811,Kenny Rogers
1812,"DJ Khaled Featuring Lil Wayne, Paul Wall, Fat Joe, Rick Ross & Pitbull"
1813,Dem Franchize Boyz Featuring Lil Peanut & Charlay
1814,Saving Jane
1815,Christina Milian Featuring Young Jeezy
1816,Bo Bice
1817,Teddy Geiger
1818,Ice Cube
1819,Paul Wall
1820,Cham
1821,Chris Daughtry
1822,Jagged Edge
1823,The Pussycat Dolls Featuring will.i.am
1824,Ghostface Killah Featuring Ne-Yo
1825,Mary J. Blige And U2
1826,50 Cent & Olivia
1827,Three 6 Mafia
1828,LL Cool J Featuring Jennifer Lopez
1829,Daddy Yankee
1830,E-40 Featuring Keak Da Sneak
1831,Angels & Airwaves
1832,Beyonce Featuring Slim Thug
1833,"Nelly Featuring Paul Wall, Ali & Gipp"
1834,The Pussycat Dolls Featuring Big Snoop Dogg
1835,Heather Headley
1836,The Afters
1837,Mariah Carey Featuring Snoop Dogg
1838,T-Pain Featuring Mike Jones
1839,Eminem Featuring Nate Dogg
1840,Bow Wow Featuring J-Kwon & Jermaine Dupri
1841,Sheryl Crow & Sting
1842,Jamie Foxx Featuring Ludacris
1843,Fort Minor Featuring Holly Brook & Jonah Matranga
1844,Remy Ma
1845,Anais
1846,Kanye West Featuring Jamie Foxx
1847,Kanye West Featuring Lupe Fiasco
1848,Yeah Yeah Yeahs
1849,Brad Paisley Featuring Dolly Parton
1850,Juvenile
1851,"Zac Efron, Andrew Seeley & Vanessa Anne Hudgens"
1852,Juelz Santana
1853,Lil Rob
1854,D4L
1855,10 Years
1856,Gorillaz
1857,Purple Ribbon All-Stars
1858,Ray J
1859,Bird York
1860,"The Notorious B.I.G. Featuring Diddy, Nelly, Jagged Edge & Avery Storm"
1861,Gorillaz Featuring Shaun Ryder
1862,"Dem Franchize Boyz Featuring Jermaine Dupri, Da Brat & Bow Wow"
1863,Chamillionaire Featuring Lil' Flip
1864,him
1865,Relient K
1866,Prince
1867,Willie Nelson
1868,Andrew Seeley
1869,High School Musical Cast
1870,Three 6 Mafia Featuring Young Buck & Eightball & MJG
1871,Michael Stipe
1872,Ludacris & Field Mob Featuring Jamie Foxx
1873,Lucas Grabeel & Ashley Tisdale
1874,P.O.D.
1875,Trina Featuring Kelly Rowland
1876,System Of A Down
1877,Lucas Gabreel & Ashley Tisdale
1878,Young Jeezy Featuring Akon
1879,Vanessa Anne Hudgens
1880,Kanye West Featuring Adam Levine
1881,The Pussycat Dolls Featuring Busta Rhymes
1882,Twista Featuring Pitbull
1883,Twista Featuring Trey Songz
1884,Cast Of Rent
1885,Lil' Wayne
1886,Lindsay Lohan
1887,YoungBloodZ
1888,Frankie J
1889,Ying Yang Twins Featuring Pitbull
1890,INXS
1891,Bow Wow Featuring Ciara
1892,Christian Castro
1893,Pharrell Featuring Gwen Stefani
1894,Lil' Kim
1895,Aventura Featuring Don Omar
1896,Santana Featuring Michelle Branch & The Wreckers
1897,Trick-Trick Featuring Eminem
1898,The Click Five
1899,David Banner
1900,Shakira Feat. Alejandro Sanz
1901,D.H.T.
1902,Neal McCoy
1903,Missy Elliott Featuring Ciara & Fat Man Scoop
1904,50 Cent Feat. Mobb Deep
1905,Shakira Featuring Alejandro Sanz
1906,Ying Yang Twins Featuring Mike Jones & Mr. ColliPark
1907,Jamie O'Neal
1908,Switchfoot
1909,Depeche Mode
1910,Marcos Hernandez
1911,Ryan Cabrera
1912,Ricky Martin Featuring Fat Joe & Amerie
1913,P$C Featuring T.I. & Lil Scrappy
1914,Bow Wow Featuring Omarion
1915,Franz Ferdinand
1916,Gretchen Wilson
1917,Ludacris Featuring Bobby Valentino
1918,The Strokes
1919,Fat Joe Featuring Nelly
1920,"Damian ""Jr. Gong"" Marley"
1921,Bobby Valentino
1922,T.O.K.
1923,Destiny's Child
1924,Trisha Yearwood
1925,Tony Yayo Featuring 50 Cent
1926,Teairra Mari
1927,John Mayer Trio
1928,Paul Wall Featuring Big Pokey
1929,Tommy Lee
1930,Crazy Frog
1931,Young Jeezy Featuring Mannie Fresh
1932,Van Zant
1933,Jermaine Dupri
1934,Trey Songz Featuring Twista
1935,Howie Day
1936,Webbie Featuring Bun B
1937,Will Smith
1938,Boyz N Da Hood
1939,50 Cent Featuring Mobb Deep
1940,Simple Plan
1941,SheDaisy
1942,R. Kelly Featuring The Game
1943,Kem
1944,Beck
1945,Baby Bash Featuring Akon
1946,Common
1947,Natalie Featuring Baby Bash
1948,NB Ridaz Featuring Angelina
1949,Reba McEntire
1950,Ying Yang Twins
1951,Paul McCartney With U2
1952,Ciara Featuring Missy Elliott
1953,Cassidy
1954,Bobby Pinson
1955,"Trick Daddy Featuring Ludacris, Lil' Kim & Cee-Lo"
1956,The Game Featuring 50 Cent
1957,Brooke Valentine Featuring Lil Jon & Big Boi
1958,112 Featuring Foxy Brown
1959,50 Cent Featuring Olivia
1960,Marques Houston Featuring Young Rome
1961,The Bravery
1962,Nelly Featuring Jung Tru & King Jacob
1963,Jo Dee Messina
1964,Gwen Stefani Featuring Eve
1965,Amerie
1966,Natalie
1967,Faith Evans
1968,Frankie J Featuring Baby Bash
1969,Gorillaz/De La Soul
1970,Mary J. Blige Featuring The Game & 50 Cent
1971,Trillville Featuring Cutty
1972,Jet
1973,Mike Jones Featuring Slim Thug & Paul Wall
1974,American Idol Finalists Season 4
1975,Andy Griggs
1976,Snoop Dogg Featuring Charlie Wilson & Justin Timberlake
1977,Mudvayne
1978,Nivea Featuring Lil Jon & YoungBloodZ
1979,The Used And My Chemical Romance
1980,Fat Joe
1981,Jennifer Lopez Featuring Fat Joe
1982,Caesars
1983,Squeak E. Clean Featuring Karen O.
1984,Blaine Larsen
1985,Snoop Dogg Featuring Pharrell
1986,Lil Jon & The East Side Boyz Featuring Usher & Ludacris
1987,Pretty Rickie
1988,Queens Of The Stone Age
1989,Destiny's Child Featuring T.I. & Lil Wayne
1990,Melissa Etheridge & Joss Stone
1991,Jay-Z/Linkin Park
1992,Billy Dean
1993,Stevie Wonder
1994,Ben Folds
1995,Lloyd Banks Featuring Avant
1996,Nelly Featuring Tim McGraw
1997,Garbage
1998,The Mars Volta
1999,Twista Featuring Faith Evans
2000,Fabolous Featuring Mike Shorey
2001,Ciara Featuring Petey Pablo
2002,Lil Jon & The East Side Boyz Featuring Lil Scrappy
2003,Various Artists
2004,Usher And Alicia Keys
2005,112
2006,Ja Rule Featuring R. Kelly & Ashanti
2007,The Postal Service
2008,Eminem Featuring Dr. Dre & 50 Cent
2009,Ja Rule Featuring Fat Joe & Jadakiss
2010,Cam'ron Featuring Kanye West & Syleena Johnson
2011,Jimmy Eat World
2012,Rupee
2013,Trick Daddy Featuring Lil Jon & Twista
2014,Jadakiss Featuring Mariah Carey
2015,JoJo Featuring Bow Wow
2016,Velvet Revolver
2017,Shania Twain With Billy Currington Or Mark McGrath
2018,Chevelle
2019,Body Head Bangerz Featuring YoungBloodz
2020,Chingy
2021,Keyshia Cole Featuring Shyne
2022,Monchy & Alexandra
2023,Patti LaBelle Featuring Ron Isley
2024,Terror Squad
2025,Guerilla Black Featuring Mario Winans
2026,Daryl Hall  John Oates
2027,2Pac Featuring Nate Dogg
2028,"The Alchemist Featuring Prodigy, Illa Ghee & Nina Sky"
2029,"N.O.R.E. Featuring Daddy Yankee, Nina Sky, Gem Star & Big Mato"
2030,Seether Featuring Amy Lee
2031,LL Cool J Featuring 7 Aurelius
2032,Teena Marie Featuring Gerald Levert
2033,Mannie Fresh
2034,Crossfade
2035,"Juvenile, Wacko & Skip"
2036,Anita Baker
2037,Alicia Keys Featuring Tony! Toni! Tone!
2038,Xzibit Featuring Keri Hilson
2039,Black Eyed Peas
2040,R. Kelly & Jay-Z
2041,Akon Featuring Styles P.
2042,Mase Featuring P. Diddy
2043,Nas Featuring Olu Dara
2044,Los Lonely Boys
2045,Hoobastank
2046,Nelly Featuring Jaheim
2047,Duran Duran
2048,Lil Scrappy
2049,Jadakiss Featuring Anthony Hamilton
2050,Lil' Flip Featuring Lea
2051,LL Cool J
2052,Beenie Man
2053,Vanessa Carlton
2054,New Edition
2055,Twista Featuring R. Kelly
2056,Usher Featuring Lil Jon & Ludacris
2057,Christina Milian
2058,Nitty
2059,Kevin Lyttle Featuring Spragga Benz
2060,Juvenile Featuring Soulja Slim
2061,Counting Crows
2062,"Houston Featuring Chingy, Nate Dogg & I-20"
2063,Shawnna Featuring Ludacris
2064,J-Kwon Featuring Sadiyyah
2065,Nelly & Christina Aguilera
2066,Nina Sky Featuring Jabba
2067,Terri Clark
2068,Brad Paisley Featuring Alison Krauss
2069,Trick Daddy
2070,Christina Aguilera Featuring Missy Elliott
2071,Teena Marie Featuring Baby
2072,Christina Milian Featuring Joe Budden
2073,Usher & Alicia Keys
2074,Lloyd Featuring Ashanti
2075,Julie Roberts
2076,Lloyd Banks
2077,"N.O.R.E., GemStar, Big Mato, Nina Sky & Daddy Yankee"
2078,Ying Yang Twins Featuring Trick Daddy
2079,D12
2080,Mario Winans Featuring Enya & P. Diddy
2081,311
2082,Slum Village Featuring Kanye West & John Legend
2083,Play-N-Skillz Featuring Krayzie Bone & Adina Howard
2084,Mynt Featuring Kim Sozzi
2085,"N.O.R.E., GemStar, Big Mato, Nina Sky & Tego Calderon"
2086,Mis-Teeq
2087,David Lee Murphy
2088,Mobb Deep
2089,Patti LaBelle
2090,Lenny Kravitz Featuring Jay-Z
2091,"Jimmy Buffett With Clint Black, Kenny Chesney, Alan Jackson, Toby Keith & George Strait"
2092,NB Ridaz Featuring Gemini
2093,Mase
2094,Elephant Man
2095,Diana DeGarmo
2096,Brandy Featuring Kanye West
2097,J-Kwon
2098,Alanis Morissette
2099,Kimberley Locke
2100,Beenie Man Featuring Ms. Thing
2101,John Michael Montgomery
2102,Beastie Boys
2103,Kanye West Featuring Syleena Johnson
2104,Lil' Flip
2105,Cassidy Featuring Mashonda
2106,"Yung Wun Featuring DMX, Lil' Flip & David Banner"
2107,Musiq
2108,Seal
2109,Kenny Chesney & Uncle Kracker
2110,Maria Mena
2111,Mason Betha
2112,Dido
2113,Jadakiss Featuring Nate Dogg
2114,Ric-A-Che
2115,Dilated Peoples Featuring Kanye West
2116,OutKast Featuring Sleepy Brown
2117,Sean Paul Featuring Sasha
2118,Buddy Jewell
2119,Sugababes
2120,A Perfect Circle
2121,Chingy Featuring J. Weav
2122,Joe Featuring G-Unit
2123,G-Unit Featuring Joe
2124,Janet Jackson
2125,Lostprophets
2126,Cherie
2127,Cassidy Featuring R. Kelly
2128,Clay Aiken
2129,Carolyn Dawn Johnson
2130,Blue County
2131,Sleepy Brown Featuring OutKast
2132,Limp Bizkit
2133,Ying Yang Twins Featuring Lil Jon & The East Side Boyz
2134,Fuel
2135,Sarah Connor
2136,Twista Featuring Kanye West & Jamie Foxx
2137,Young Gunz Featuring Rell
2138,Frankee
2139,Eamon
2140,Juvenile Featuring Mannie Fresh
2141,Trillville
2142,Ryan Duarte
2143,Angel City Featuring Lara McAllen
2144,Baby Bash Featuring Frankie J
2145,MercyMe
2146,Too Short Featuring Lil Jon & The East Side Boyz
2147,Westside Connection Featuring Nate Dogg
2148,D12 Featuring Eminem
2149,Nick Cannon Featuring R. Kelly
2150,Lasgo
2151,Mr. Vegas
2152,Trapt
2153,Santana Featuring Alex Band Or Chad Kroeger
2154,Ludacris Featuring Shawnna
2155,YoungBloodZ Featuring Lil Jon
2156,Tracy Byrd
2157,Lil Jon & The East Side Boyz Featuring Ying Yang Twins
2158,Tupac With Eminem Featuring The Outlawz
2159,Deborah Cox
2160,Kylie Minogue
2161,Kelis
2162,Beyonce Featuring Sean Paul
2163,Mario Winans Featuring P. Diddy & Enya
2164,Tupac Featuring The Notorious B.I.G.
2165,JC Chasez Featuring Dirt McGirt
2166,G-Unit
2167,Murphy Lee Featuring Jermaine Dupri
2168,Big Tymers Featuring R. Kelly
2169,Bow Wow Featuring Jagged Edge
2170,Mya
2171,Mary J. Blige Featuring Eve
2172,Chingy Featuring Ludacris & Snoop Dogg
2173,B2K Featuring Fabolous
2174,"Marques Houston Featuring Jermaine ""JD"" Dupri"
2175,Liz Phair
2176,Stacie Orrico
2177,Obie Trice Featuring Nate Dogg
2178,Fountains Of Wayne
2179,Usher Featuring Ludacris & Lil Jon
2180,Barenaked Ladies
2181,"Nelly, P. Diddy & Murphy Lee"
2182,Marques Houston Featuring Joe Budden & Pied Piper
2183,Britney Spears Featuring Madonna
2184,Live
2185,Sufjan Stevens
2186,Frou Frou
2187,Imogen Heap
2188,The Arcade Fire
2189,Neutral Milk Hotel
2190,Bloc Party
2191,Brand New
2192,The Beatles
2193,Iron & Wine
2194,Interpol
2195,Sublime
2196,Saosin
2197,The Decemberists
2198,Gary Jules
2199,Damien Rice
2200,TV on the Radio
2201,Beyonc
2202,Bright Eyes
2203,Cold War Kids
2204,of Montreal
2205,Bjrk
2206,Wilco
2207,The Used
2208,Circa Survive
2209,Peter Bjorn and John
2210,Daft Punk
2211,Spoon
2212,Rilo Kiley
2213,Animal Collective
2214,Motion City Soundtrack
2215,Beirut
2216,Thrice
2217,Coheed and Cambria
2218,Say Anything
2219,Led Zeppelin
2220,Nirvana
2221,LCD Soundsystem
2222,Panda Bear
2223,The National
2224,Justice
2225,Band of Horses
2226,The Moldy Peaches
2227,Belle and Sebastian
2228,Kimya Dawson
2229,Barry Louis Polisar
2230,The Kinks
2231,Buddy Holly
2232,Mott the Hoople
2233,Sonic Youth
2234,Mateo Messina
2235,Antsy Pants
2236,Cat Power
2237,Michael Cera and Ellen Page
2238,The Velvet Underground
2239,Vampire Weekend
2240,M83
2241,Portishead
2242,Sigur Rs
2243,Fleet Foxes
2244,Girl Talk
2245,Conor Oberst
2246,Black Kids
2247,Bon Iver
2248,Pink Floyd
2249,Jack's Mannequin
2250,Andrew Bird
2251,Neko Case
2252,Mastodon
2253,Grizzly Bear
2254,Bat for Lashes
2255,Mos Def
2256,Dirty Projectors
2257,The Dead Weather
2258,The Smiths
2259,The xx
2260,Monsters of Folk
2261,Girls
2262,Karen O and the Kids
2263,The Flaming Lips
2264,Julian Casablancas
2265,Pixies
2266,Them Crooked Vultures
2267,Beach House
2268,Yeasayer
2269,Bobby Helms
2270,Bing Crosby
2271,The Temper Trap
2272,Broken Bells
2273,Joanna Newsom
2274,She & Him
2275,Edward Sharpe & The Magnetic Zeros
2276,Jnsi
2277,Local Natives
2278,Broken Social Scene
2279,Crystal Castles
2280,Caribou
2281,Minus the Bear
2282,Ratatat
2283,The New Pornographers
2284,Sleigh Bells
2285,Dio
2286,How to Destroy Angels
2287,Big Boi
2288,Best Coast
2289,Sex Bob-Omb
2290,Metric
2291,Cee-Lo
2292,Deerhunter
2293,Far East Movement
2294,A Day to Remember
2295,Cut Copy
2296,Smith Westerns
2297,Destroyer
2298,James Blake
2299,Lykke Li
2300,Explosions in the Sky
2301,"Tyler, the Creator"
2302,The Antlers
2303,My Morning Jacket
2304,Cults
2305,Washed Out
2306,Portugal. The Man
2307,Two Door Cinema Club
2308,Little Dragon
2309,The Throne
2310,Jay Z & Kanye West
2311,The Naked and Famous
2312,Jay-Z & Kanye West
2313,St. Vincent
2314,Queen
2315,Neon Indian
2316,Das Racist
2317,Toro y Moi
2318,Clap Your Hands Say Yeah
2319,Lights
2320,Mutemath
2321,Ryan Adams
2322,Real Estate
2323,The Beach Boys
2324,Atlas Sound
2325,The Roots
2326,Michael Bubl
2327,Elvis Presley
2328,Vince Guaraldi Trio
2329,Wham!
2330,Youth Lagoon
2331,At the Drive-In
2332,Cloud Nothings
2333,Chairlift
2334,Dr. Dog
2335,Grimes
2336,Miike Snow
2337,Tanlines
2338,David Guetta
2339,M. Ward
2340,Spiritualized
2341,Jack White
2342,The Band
2343,Death Grips
2344,Santigold
2345,Kimbra
2346,El-P
2347,The Walkmen
2348,Azealia Banks
2349,Sigur Ros
2350,Edward Sharpe & The Magnetic Zeros 
2351,Japandroids
2352,Scissor Sisters
2353,Hot Chip
2354,The Tallest Man on Earth
2355,Fiona Apple
2356,DIIV
2357,Twin Shadow
2358,Marina & the Diamonds
2359,Nas
2360,Purity Ring
2361,Baroness
2362,The Gaslight Anthem
2363,Ariel Pink's Haunted Graffiti
2364,Wild Nothing
2365,Divine Fits
2366,Stars
2367,David Byrne & St. Vincent
2368,The Avett Brothers
2369,Ben Folds Five
2370,Flying Lotus
2371,The Mountain Goats
2372,Tame Impala
2373,Godspeed You! Black Emperor
2374,Deftones
2375,Solange
2376,Macklemore & Ryan Lewis
2377,Swedish House Mafia
2378,Yo La Tengo
2379,Burial
2380,Foxygen
2381,The Joy Formidable
2382,Ra Ra Riot
2383,My Bloody Valentine
2384,Fleetwood Mac
2385,Frightened Rabbit
2386,Foals
2387,Atoms for Peace
2388,Nick Cave and the Bad Seeds
2389,Atlas Genius
2390,Iceage
2391,Kavinsky
2392,Cazzette
2393,Autre Ne Veut
2394,David Bowie
2395,Rhye
2396,Jimi Hendrix
2397,Phosphorescent
2398,Wavves
2399,CHVRCHES
2400,The Knife
2401,Kurt Vile
2402,Icona Pop
2403,Bonobo
2404,Daughter
2405,!!!
2406,Savages
2407,Mikal Cronin
2408,Baths
2409,Boards of Canada
2410,Disclosure
2411,Empire of the Sun
2412,Run the Jewels
2413,Fuck Buttons
2414,AlunaGeorge
2415,Zedd
2416,The Civil Wars
2417,Earl Sweatshirt
2418,King Krule
2419,Volcano Choir
2420,Janelle Mone
2421,HAIM
2422,Danny Brown
2423,Pusha T
2424,Darkside
2425,The Head and the Heart
2426,Polia
2427,Lou Reed
2428,Sky Ferreira
2429,Blood Orange
2430,Deafheaven
2431,Andy Williams
2432,Burl Ives
2433,A Great Big World
2434,
2435,Warpaint
2436,Mogwai
2437,Against Me!
2438,Tycho
2439,Dum Dum Girls
2440,Bombay Bicycle Club
2441,Sun Kil Moon
2442,Phantogram
2443,The Glitch Mob
2444,Angel Olsen
2445,The War on Drugs
2446,Future Islands
2447,The Hold Steady
2448,Mac DeMarco
2449,Manchester Orchestra
2450,Todd Terje
2451,Clean Bandit
2452,Damon Albarn
2453,Wye Oak
2454,tUnE-yArDs
2455,Chromeo
2456,Swans
2457,Sylvan Esso
2458,Ryksopp
2459,Ryksopp & Robyn
2460,Sharon Van Etten
2461,Parquet Courts
2462,Jason Derlo
2463,First Aid Kit
2464,White Lung
2465,Tisto
2466,How to Dress Well
2467,A Sunny Day In Glasgow
2468,Grimes Feat. Blood Diamonds
2469,Death from Above 1979
2470,Bleachers
2471,Jungle
2472,Joyce Manor
2473,Banks
2474,Alvvays
2475,Jenny Lewis
2476,FKA twigs
2477,Shabazz Palaces
2478,Norman Greenbaum
2479,The Jackson 5
2480,Redbone
2481,The Raspberries
2482,The Runaways
2483,Elvin Bishop
2484,10cc
2485,Bjrn Skifs/Blblus
2486,Rupert Holmes
2487,Blue Swede
2488,Porter Robinson
2489,ODESZA
2490,BROODS
2491,Karen O
2492,Aphex Twin
2493,Perfume Genius
2494,Thom Yorke
2495,Tweedy
2496,SBTRKT
2497,Jessie Ware
2498,Ben Howard
2499,Slipknot
2500,Grouper
2501,Bobby 'Boris' Pickett
2502,Arca
2503,Clark
2504,Ariel Pink
2505,Mark Ronson
2506,I LOVE MAKONNEN
2507,Wu-Tang Clan
2508,Glass Animals
2509,D'Angelo
2510,The Ronettes
2511,Judy Garland
2512,Eartha Kitt
2513,Jos Feliciano
2514,Darlene Love
2515,Alesso
2516,Kygo
2517,Bebe Rexha
2518,Omi
2519,Rich Gang
2520,James Newton Howard
2521,Olly Murs
2522,Lilly Wood & The Prick
2523,Hoodie Allen
2524,DJ Snake
2525,Tinashe
2526,Kid Ink
2527,Labrinth
2528,Wyclef Jean
2529,G-Eazy
2530,George Ezra
2531,MisterWives
2532,Jason French
2533,BRNS
2534,OB OBrien
2535,PRIORY
2536,Jon Bellion
2537,Ty Dolla $ign
2538,Frank Sinatra
2539,Chuck Berry
2540,Original Soundtrack
2541,Carpenters
2542,AronChupa
2543,Robin Schulz
2544,DJ Khaled
2545,Theophilus London
2546,G.R.L.
2547,Marian Hill
2548,Kim Cesarion
2549,Galantis
2550,Jasmine V
2551,Niykee Heaton
2552,New Politics
2553,Fences
2554,Naughty Boy
2555,New Community Church
2556,Mike Will Made-It
2557,Shaun Reynolds feat. Laura Pringle
