"album_id";"name";"lastfm_playcount";"lastfm_listeners"
"1";"1989";"5153810";"56798"
"2";"x";"1128578";"25634"
"3";"In the Lonely Hour";"1314365";"71085"
"4";"Jealous";"0";"1"
"6";"Shake It Off";"520856";"107117"
"7";"All About That Bass";"1120982";"198065"
"8";"For You";"884742";"76258"
"9";"American Beauty / American Psycho";"471062";"9903"
"10";"No Type";"132447";"33039"
"11";"Truth Serum";"1498939";"183685"
"12";"Hot Boy";"16445";"4805"
"13";"1000 Forms of Fear";"0";"0"
"14";"Native";"0";"0"
"15";"Rude";"685258";"135263"
"16";"Something In the Water";"60787";"19077"
"17";"Sledgehammer";"0";"1"
"18";"Love Me Like You Do";"577865";"98653"
"19";"Try Me";"43250";"15204"
"20";"Let It Go";"266442";"48886"
"21";"Moonshine In The Trunk";"93825";"11694"
"22";"The Big Revival";"88627";"13984"
"23";"I Don't Dance";"10247";"1284"
"24";"Old Boots, New Dirt";"82702";"6528"
"25";"A.M.";"0";"1"
"26";"2014 Forest Hills Drive";"1338966";"65810"
"27";"Fuse";"435151";"24120"
"28";"Cole Swindell";"112026";"12242"
"29";"Blank Space";"15738";"4126"
"30";"Take It On Back";"5280";"1371"
"31";"Days of Gold";"222950";"31587"
"32";"Title";"478631";"44807"
"33";"A Guy Walks Into a Bar";"22979";"7171"
"34";"Bringing Back the Sunshine";"123650";"16215"
"35";"Anaconda";"592650";"106600"
"36";"Black Star Elephant";"0";"0"
"37";"The Hunger Games: Mockingjay, Part 1";"12852";"395"
"38";"Sweet Talker";"732461";"57953"
"39";"SUCKER";"1970563";"69123"
"40";"Can't Stop Dancin'";"108234";"28589"
"41";"Merry Christmas";"2905027";"480566"
"42";"SremmLife";"403144";"34911"
"43";"Songs of Anarchy, Vol. 4";"0";"1"
"44";"0 To 100 / The Catch Up";"295040";"73736"
"45";"Burnin' It Down";"48071";"13243"
"46";"Pain Killer";"80948";"11932"
"47";"PRISM";"7945394";"318876"
"48";"Crash My Party";"889875";"70838"
"49";"Boom Clap";"745118";"137953"
"50";"Girl";"81329";"5145"
"51";"Sunshine & Whiskey";"101598";"17426"
"52";"5 Seconds of Summer";"1219496";"86748"
"53";"Four";"1214470";"13572"
"54";"Am I Wrong";"0";"1"
"55";"Maps";"0";"1"
"56";"No Label II";"141679";"15648"
"57";"SHMURDA SHE WROTE";"40964";"7896"
"58";"Thriller";"7868200";"941444"
"59";"Upside Out";"124550";"28625"
"60";"American Kids";"81539";"25723"
"61";"Ghost Stories";"5010887";"218844"
"62";"Ignite The Night";"0";"1"
"63";"Shower";"637570";"121470"
"64";"Glenn Campbell I'll Be Me Soundtrack";"165";"19"
"65";"Bo$$";"202802";"40667"
"66";"The Days";"407406";"98656"
"67";"Errrbody";"0";"1"
"68";"Later On";"24468";"6757"
"69";"Bartender";"54088";"12462"
"70";"U Guessed It";"2200";"580"
"71";"Riser";"244050";"32362"
"72";"Anything Goes";"151044";"15166"
"73";"Angel in Blue Jeans";"92995";"29908"
"74";"This Is All Yours";"5634998";"212286"
"75";"The Pinkprint";"1103660";"59409"
"76";"The New Classic";"0";"0"
"77";"XSCAPE";"0";"1"
"78";"Good Kisser";"98224";"31411"
"79";"Turn Down for What";"370563";"101374"
"80";"V";"1697675";"112973"
"81";"River Bank";"42942";"11815"
"82";"Blacc Hollywood";"0";"1"
"83";"I Don't Dance (Single)";"61087";"15798"
"84";"We Are Tonight";"128975";"20183"
"85";"Lunatic";"0";"0"
"86";"Lights Out";"762856";"64047"
"87";"Shakira.";"761561";"28308"
"88";"MKTO";"663058";"115407"
"89";"Bad Blood";"7327560";"372229"
"90";"I'm Ready";"15377";"2829"
"91";"Now That's What I Call Music! 51";"1382";"326"
"92";"Me and My Broken Heart";"458041";"95315"
"93";"Na Na";"140927";"37626"
"94";"Chasing the Sun";"145021";"14434"
"95";"Not a Bad Thing";"417671";"93650"
"96";"Pure Heroine";"0";"0"
"97";"Happy Little Pill";"152983";"33052"
"98";"She Twerkin";"21509";"7968"
"99";"Love Is Everything";"110424";"12002"
"100";"Pioneer";"396117";"31741"
"101";"Never Regret";"56275";"9056"
"102";"Bring You Back";"203887";"27546"
"103";"Night Visions";"0";"0"
"104";"Pop Psychology";"374509";"32862"
"105";"The Blessed Unrest";"1990538";"114113"
"106";"Ultraviolence";"0";"0"
"107";"Magic";"1506184";"252888"
"108";"Raging Fire";"54387";"16880"
"109";"Xo";"323319";"86613"
"110";"All the Little Lights";"0";"0"
"111";"It Goes Like This";"0";"0"
"112";"Thuga Thug";"877";"122"
"113";"High Noon";"53570";"11474"
"114";"More Than Just a Dream";"862090";"79654"
"115";"Fever";"521987";"132329"
"116";"Halcyon Days";"4802065";"260071"
"117";"Oxymoron";"1004220";"40715"
"118";"Based On A True Story...";"446101";"45999"
"119";"AM";"32570548";"565945"
"120";"Zion";"459430";"21244"
"121";"Slow Me Down";"70321";"10738"
"122";"Night Train";"724336";"46650"
"123";"Unorthodox Jukebox";"8752867";"467937"
"124";"The Andrea Faustini Collection";"1423";"33"
"125";"ARTPOP";"19937532";"215422"
"126";"See You Tonight";"151856";"22113"
"127";"Tribute";"0";"1"
"128";"Rebellious Soul";"124921";"8479"
"129";"I Thought I Was an Alien";"0";"1"
"130";"Megalithic Symphony";"6537084";"487336"
"131";"Nothing Was the Same";"0";"0"
"132";"Ordinary Love";"0";"1"
"133";"Discrete Luxury";"27414";"7810"
"134";"Baptized (Deluxe Version)";"345448";"20462"
"135";"The 1975";"5783540";"238902"
"136";"Chillin' It";"71879";"16325"
"137";"Helios";"642368";"40445"
"138";"Friday Night";"61530";"15060"
"139";"In a Tidal Wave of Mystery";"3456678";"240676"
"140";"I'm Sorry...";"2188373";"237818"
"141";"Whatever She's Got";"72690";"15510"
"142";"Me. I Am Mariah…The Elusive Chanteuse";"399465";"9276"
"143";"Uncaged";"786644";"58824"
"144";"Same Trailer Different Park";"1179104";"58757"
"145";"Tattoos";"1218384";"175158"
"146";"Wasting All These Tears";"91741";"18261"
"147";"Drunk Last Night";"75723";"18348"
"148";"How I Feel";"111451";"31855"
"149";"Save Rock and Roll";"9398284";"242406"
"150";"Journals";"977117";"23358"
"151";"Zendaya";"421591";"28860"
"152";"The 20/20 Experience - 2 of 2";"656587";"58625"
"153";"Crickets";"129893";"18953"
"154";"The Fox";"545863";"99811"
"155";"Sex and Love";"383942";"50416"
"156";"Yeezus";"11593212";"361162"
"157";"PTXmas Deluxe Edition";"1123";"123"
"158";"Stars Dance";"5341558";"109472"
"159";"Wrapped in Red";"481204";"44518"
"160";"Promo Only: Hot Video, January 2014";"136";"28"
"161";"Two Lanes Of Freedom";"0";"0"
"162";"Love and War";"335686";"21192"
"163";"The 20/20 Experience";"6182748";"237296"
"164";"Type of Way";"17076";"5824"
"165";"Paramore";"0";"1"
"166";"A Day Without Rain";"4602333";"254027"
"167";"Four the Record";"454475";"39726"
"168";"Hard 2 Love";"523459";"57576"
"169";"Heartthrob";"4357935";"157892"
"170";"Best I Ever Had";"0";"1"
"171";"Here's To The Good Times";"1037184";"99674"
"172";"Overexposed";"0";"0"
"173";"Redneck Crazy";"157441";"26701"
"174";"Lightning Bolt";"2899327";"118969"
"175";"Take Back the Night";"215420";"60465"
"176";"American Girl";"121450";"18642"
"177";"Musikvideos Jahrescharts 2013 Top 100";"80";"31"
"178";"All Over The Road";"0";"1"
"179";"The Disco Boys, Volume 14";"0";"1"
"180";"Rubberband";"53508";"7821"
"181";"Yours Truly";"3557553";"93591"
"182";"Blown Away";"2286451";"138305"
"183";"Excuse My French";"0";"0"
"184";"Reflektor";"0";"0"
"185";"Come & Get It";"677009";"112227"
"186";"Ciara";"1581651";"85997"
"187";"Turn The Night Up";"39928";"8484"
"188";"Life On A Rock";"120405";"13856"
"189";"Young Rich N*ggas";"165068";"25127"
"190";"Hail To The King";"0";"0"
"191";"Hunter Hayes (encore)";"162521";"10639"
"192";"Paradise Valley";"2699996";"144852"
"193";"Helluva Night";"11244";"4133"
"194";"Too Weird to Live, Too Rare to Die!";"2735055";"85238"
"195";"Word of Mouth";"305954";"12472"
"196";"Tornado";"0";"1"
"197";"The Lumineers";"0";"1"
"198";"Babel";"0";"0"
"199";"Demi";"5932660";"161546"
"200";"What About Love";"86268";"14902"
"201";"Chloe (You're the One I Want)";"55498";"10647"
"202";"True Believers";"261675";"38943"
"203";"Up All Night";"585305";"78013"
"204";"Barefoot Blue Jean Night";"1113526";"162776"
"205";"Wheelhouse";"186846";"18766"
"206";"Ooh La La";"55451";"4653"
"207";"Greatest Hits - Chapter One";"903200";"51906"
"208";"Avril Lavigne";"4252012";"99740"
"209";"Fine China";"237287";"53021"
"210";"+";"14572914";"480270"
"211";"Halfway To Heaven";"479699";"71156"
"212";"Get Wet";"1234004";"66119"
"213";"Harlem Shake";"0";"1"
"214";"Downtown";"83169";"21722"
"215";"Chief";"1518578";"153612"
"216";"From Here To Now To You";"1387078";"106608"
"217";"Every Weekend";"0";"1"
"218";"A Thousand Miles Left Behind";"0";"1"
"219";"Talk a Good Game";"442814";"26181"
"220";"Give It All We Got Tonight";"56987";"14607"
"221";"Some Nights";"12800918";"581323"
"222";"Greatest Hits";"64800";"3530"
"223";"Food & Liquor II: The Great American Rap Album, Part 1";"28778";"1160"
"224";"Neon";"573705";"91251"
"225";"Bravo Black Hits, Volume 28";"351";"178"
"226";"My Head Is an Animal";"0";"0"
"227";"Pluto";"695943";"95897"
"228";"Somewhere Somehow";"241567";"8720"
"229";"Take Me Home";"4938005";"65717"
"230";"Catch My Breath";"245731";"52391"
"231";"The 2nd Law";"14622061";"440073"
"232";"LiVe";"0";"1"
"233";"Hunter Hayes";"1302514";"107783"
"234";"One Way or Another (Teenage Kicks)";"0";"1"
"235";"Based on a T.R.U. Story";"1036451";"121342"
"236";"Kaleidoscope Dream";"2781951";"149031"
"237";"Better Dig Two";"0";"1"
"238";"House of Balloons";"5604102";"145915"
"239";"Hey Porsche";"233074";"56696"
"240";"Pitch Perfect";"23189";"627"
"241";"Finally Rich";"1110209";"78015"
"242";"Home";"479426";"75831"
"243";"Swimming Pools (Drank)";"810556";"165899"
"244";"Boys & Girls";"0";"0"
"245";"Wild Ones";"3513649";"359890"
"246";"Every Storm (Runs Out Of Rain)";"100292";"22764"
"247";"How Country Feels";"349195";"37955"
"248";"Casey James";"0";"1"
"249";"Back In The Saddle";"79660";"14448"
"250";"Gossamer";"8397177";"450738"
"251";"The Lateness Of the Hour";"5044148";"358820"
"252";"We Are Never Ever Getting Back Together";"1283734";"206466"
"253";"channel ORANGE";"16026343";"477854"
"254";"Bright Lights";"0";"1"
"255";"Live While We're Young";"354510";"68128"
"256";"Hello My Name Is...";"1079700";"47986"
"257";"The Truth About Love";"7003983";"375694"
"258";"Tailgates & Tanlines";"0";"1"
"259";"Welcome To The Fishbowl";"320362";"40261"
"260";"Everybody Talks";"843383";"181690"
"261";"Changed";"249704";"29390"
"262";"California 37";"2350313";"177423"
"263";"Chapter V";"465594";"35807"
"264";"Unbroken";"8410430";"267176"
"265";"I Won't Give Up";"1080335";"195381"
"266";"Red Karaoke";"10422";"1625"
"267";"Sticks & Stones";"0";"1"
"268";"North";"814914";"35785"
"269";"Talk That Talk";"12687434";"512259"
"270";"Shinin' On Me";"41078";"13423"
"271";"Up All Night";"11295758";"350629"
"272";"Glee: The Music, The Complete Season Four";"403471";"1912"
"273";"Heart Attack";"161232";"36333"
"274";"Jana Kramer";"200301";"15945"
"275";"Angel Eyes";"114012";"30743"
"276";"The Wanted";"0";"0"
"277";"Living Things";"13221242";"315642"
"278";"Ronan";"15809";"1389"
"279";"Punching Bag";"148791";"24311"
"280";"Kiss";"1945412";"140168"
"281";"That's Why I Pray";"21845";"6715"
"282";"¡Uno!";"1802955";"74661"
"283";"O.N.I.F.C.";"1341172";"73648"
"284";"Never Trust A Happy Song";"5256462";"377326"
"285";"Push and Shove";"2289943";"76690"
"286";"Welcome Reality";"4953324";"335367"
"287";"The Band Perry EP";"585190";"190280"
"288";"Own the Night";"1863872";"165983"
"289";"Cashin' Out";"166633";"55395"
"290";"Global Warming";"1223844";"148712"
"291";"Believe";"3983432";"236474"
"292";"El Camino";"17828606";"359966"
"293";"The Video Year Mix 2012";"345";"98"
"294";"Hello";"1099226";"99243"
"295";"Life At Best";"656602";"89657"
"296";"Clancy's Tavern";"318759";"64090"
"297";"Battle Born";"4772006";"193237"
"298";"Trouble Man: Heavy Is the Head";"442564";"44330"
"299";"Drank In My Cup";"227014";"51444"
"300";"My Kinda Party";"2135518";"240387"
"301";"21";"0";"1"
"302";"You Get What You Give";"1404818";"101250"
"303";"Strange Clouds";"0";"1"
"304";"Sorry for Party Rocking";"5720683";"519966"
"305";"The Hunger Games: Songs from District 12 and Beyond";"587412";"44597"
"306";"Born and Raised";"0";"0"
"307";"Andy Grammer";"778532";"73406"
"308";"Emotional Traffic";"95070";"9550"
"309";"Red River Blue";"849872";"95942"
"310";"Undefeated";"40435";"11122"
"311";"Mylo Xyloto";"29580625";"857896"
"312";"This Ole Boy";"136296";"32388"
"313";"Well Done 2";"191612";"12319"
"314";"100x Liefde 2014";"242";"46"
"315";"Shake It Out";"3889";"624"
"316";"Scary Monsters and Nice Sprites";"7194273";"335244"
"317";"Who You Are";"8741855";"621213"
"318";"It's Not Right But It's Okay";"1825";"194"
"319";"Somebody That I Used To Know";"8871";"1475"
"320";"Making Mirrors";"16335865";"803825"
"321";"A Thousand Years";"189094";"29178"
"322";"It Will Rain";"624088";"124763"
"323";"Inevitable";"80140";"15052"
"324";"Rebels On The Run";"49954";"7619"
"325";"Hungry Like the Wolf / Rio";"1258";"163"
"326";"Get Closer";"552718";"39651"
"327";"Sweeter";"1856484";"192026"
"328";"Tonight Is The Night";"0";"1"
"329";"Amaryllis";"2315026";"75807"
"330";"She Doesn't Mind";"569530";"107260"
"331";"Nu Music Traxx #322";"358";"98"
"332";"Hemingway's Whiskey";"484256";"67978"
"333";"Ceremonials";"19352561";"587723"
"334";"Hell Is What You Make It";"2632850";"134214"
"335";"Torches";"29399976";"1110178"
"336";"When the Sun Goes Down";"5128511";"234831"
"337";"Return of Simba";"10906";"3377"
"338";"Clear As Day";"264186";"33680"
"339";"Young the Giant";"7483577";"476663"
"340";"#BitchImTheShit";"0";"1"
"341";"The Greatest Hits";"1357241";"326912"
"342";"Fly / I Believe I Can Fly";"2379";"205"
"343";"Cough Syrup";"7891";"745"
"344";"What Doesn't Kill You (Stronger)";"3295";"304"
"345";"Here's To Us";"2565";"185"
"346";"Glad You Came";"3617";"303"
"347";"Whitney Houston";"947695";"199155"
"348";"Doo-Wops & Hooligans";"10415972";"695087"
"349";"Scars & Stories";"1904647";"136983"
"350";"I Will Always Love You";"1600";"193"
"351";"Stereo Hearts";"9500";"736"
"352";"All of You";"0";"0"
"353";"Human Nature";"1361";"152"
"354";"Black Or White";"3092";"234"
"355";"Wanna Be Startin' Somethin'";"1778";"112"
"356";"Outlaws Like Me";"389269";"58201"
"357";"This Is Country Music";"749783";"84936"
"358";"We Found Love";"7711";"694"
"359";"Moves Like Jagger / Jumpin' Jack Flash";"1191";"119"
"360";"The First Time Ever I Saw Your Face";"1199";"140"
"361";"Amen";"30944";"14224"
"362";"Glee: The Music Presents Glease";"314397";"14297"
"363";"A Different Kind Of Truth";"770434";"46423"
"364";"Fallen Empires";"3033185";"92882"
"365";"Born to Die";"0";"0"
"366";"Blue Slide Park";"3059211";"175666"
"367";"Goodbye Lullaby";"10554699";"320000"
"368";"Here And Now";"0";"0"
"369";"Set You Free";"79257";"19389"
"370";"Under the Mistletoe";"0";"1"
"371";"Best Day Ever";"2742574";"78346"
"372";"More Monsters And Sprites";"1338053";"74540"
"373";"Science & Faith";"4687705";"401939"
"374";"K.I.D.S.";"1370491";"50344"
"375";"Baggage Claim";"60975";"24021"
"376";"We Are Young";"15439";"2188"
"377";"Do They Know It's Christmas?";"155";"27"
"378";"Survivor / I Will Survive";"5295";"365"
"379";"Red Solo Cup";"426";"73"
"380";"Girls Just Want To Have Fun";"1167";"103"
"381";"I Kissed A Girl";"24021";"989"
"382";"Rumour Has It / Someone Like You";"11563";"1896"
"383";"I'm the Only One";"387";"79"
"384";"Constant Craving";"1163";"122"
"385";"Take Care";"11723017";"459898"
"386";"Waking Up";"10629345";"762469"
"387";"Judge Jerrod & The Hung Jury";"529162";"118638"
"388";"Loud";"0";"0"
"389";"Charleston, SC 1966";"0";"0"
"390";"I Can't Go For That / You Make My Dreams";"1096";"85"
"391";"Femme Fatale";"0";"0"
"392";"Hit Me With Your Best Shot / One Way or Another";"0";"1"
"393";"Uptown Girl";"3909";"400"
"394";"Ronnie Dunn";"178978";"43543"
"395";"Here For A Good Time";"182183";"39930"
"396";"Whatever";"1316382";"98957"
"397";"Take A Back Road";"296205";"52219"
"398";"Last Friday Night";"2909";"573"
"399";"Born This Way";"37175501";"588089"
"400";"Finally Famous";"1555434";"200065"
"401";"All I Want Is You";"1830411";"230079"
"402";"Proud To Be Here";"76676";"21456"
"403";"Calling All the Monsters";"22290";"6651"
"404";"Evanescence";"5434275";"135344"
"405";"Fix You";"2694";"483"
"406";"Run The World (Girls)";"0";"1"
"407";"Love Don't Run";"32299";"11132"
"408";"Rolling Papers";"5805618";"347860"
"409";"Gucci Gucci";"342974";"95938"
"410";"Wasting Light";"16021636";"615574"
"411";"It's Not Unusual";"3809";"410"
"412";"You Can't Stop The Beat";"2600";"281"
"413";"We Got the Beat";"3201";"270"
"414";"Enjoy Yourself";"511060";"115091"
"415";"Let Them Talk";"2890408";"81245"
"416";"Duets II";"645612";"79953"
"417";"Hell On Heels";"462106";"50817"
"418";"Save Me, San Francisco";"3003351";"409852"
"419";"F.A.M.E.";"2351547";"168662"
"420";"Hands All Over";"0";"0"
"421";"Lasers";"4092994";"226449"
"422";"American Capitalist";"3691864";"133784"
"423";"Young Love";"2006471";"139697"
"424";"Hello Fear";"177927";"17974"
"425";"I'm On One";"54738";"2115"
"426";"Blood, Sweat & Tears";"17488";"2664"
"427";"Cannibal";"6696384";"466239"
"428";"Teenage Dream";"0";"0"
"429";"The Band Perry";"1669823";"187401"
"430";"Holding Onto Strings Better Left to Fray";"879810";"77327"
"431";"A Thousand Suns";"16538967";"356757"
"432";"Haywire";"481495";"129620"
"433";"Stitch By Stitch";"2937";"359"
"434";"Meet the Orphans";"564350";"97091"
"435";"Inventing Shadows";"3953";"729"
"436";"Revolution";"1700058";"232051"
"437";"The Bling Ring: Original Motion Picture Soundtrack";"6312";"469"
"438";"Today Is Your Day";"19713";"3353"
"439";"Fastlife";"580495";"40880"
"440";"Monster";"486475";"67764"
"441";"Nothing Like This";"348903";"44110"
"442";"Bullets In The Gun";"79598";"15690"
"443";"Eleven";"95680";"11073"
"444";"Wildflower";"203877";"24634"
"445";"Cat Daddy";"32363";"14255"
"446";"Danger Days: The True Lives of the Fabulous Killjoys";"10941519";"250012"
"447";"(It) Feels So Good";"22610";"6289"
"448";"Glee: The Music, The Complete Season Two";"702368";"7609"
"449";"BTR";"1174093";"77140"
"450";"Where Country Grows";"43327";"9773"
"451";"Club Going Crazy";"44667";"24889"
"452";"Passion, Pain & Pleasure";"0";"1"
"453";"I Am Woman";"23156";"7202"
"454";"Hell: The Sequel";"1325740";"135257"
"455";"Not Ready To Die";"77845";"11378"
"456";"Greatest Hits... So Far!!!";"1509486";"55493"
"457";"Are You Gonna Kiss Me Or Not";"233755";"104887"
"458";"Craig Campbell";"152170";"36714"
"459";"No Boys Allowed";"1396233";"191617"
"460";"I Remember Me";"731096";"74677"
"461";"The Incredible Machine";"466333";"53827"
"462";"Georgia Clay";"98921";"19425"
"463";"Need You Now";"4324025";"424901"
"464";"Bravo Black Hits, Volume 24";"170";"64"
"465";"Loaded: The Best of Blake Shelton";"315019";"47833"
"466";"Number One Hits";"667737";"61628"
"467";"The Man I Want To Be";"0";"1"
"468";"High Maintenance";"187404";"19717"
"469";"Doin' My Thing";"1157077";"233459"
"470";"What Are Words";"274646";"37006"
"471";"The JaneDear Girls";"48493";"5864"
"472";"Promo Only: Country Radio, September 2010";"52";"28"
"473";"King Of Hearts";"457968";"87157"
"474";"My World 2.0";"4139782";"276976"
"475";"Sigh No More";"0";"0"
"476";"Do The John Wall";"47947";"18543"
"477";"Wonders of the Younger";"1051426";"86900"
"478";"31 Minutes to Takeoff";"2567462";"297363"
"479";"Time of My Life";"1750393";"80017"
"480";"Endgame";"10163044";"273900"
"481";"Play On";"2862080";"271969"
"482";"Some Kind of Trouble";"2532515";"107771"
"483";"Brothers";"0";"1"
"484";"Country Strong: More Music from the Motion Picture";"438";"27"
"485";"Twang";"147848";"20032"
"486";"Stuck Like Glue";"195877";"88636"
"487";"American Saturday Night";"0";"0"
"488";"I'm Alive, I'm Dreaming";"525936";"38097"
"489";"A Year Without Rain";"1942611";"156988"
"490";"The Preview";"1385957";"208779"
"491";"Hit It Again";"9264";"1204"
"492";"Christmas Lights";"637619";"143602"
"493";"Love Letter";"436888";"48418"
"494";"Leave This Town";"0";"0"
"495";"Merry Christmas II You";"928909";"62351"
"496";"Strip Me";"823029";"75795"
"497";"Animal";"0";"0"
"498";"Kaleidoscope Heart";"4364299";"250471"
"499";"Cowboy's Back In Town";"89104";"19367"
"500";"Man on the Moon II: The Legend of Mr. Rager";"7426507";"404278"
"501";"It's America";"1369527";"309546"
"502";"For Your Entertainment";"10168706";"387904"
"503";"Streets of Gold";"0";"0"
"504";"Still Standing";"661268";"134184"
"505";"Come Around Sundown";"16126510";"627932"
"506";"Recovery";"23640696";"1282071"
"507";"Way Out Here";"0";"1"
"508";"Pink Friday";"10633498";"550638"
"509";"Brand New Eyes";"34337526";"723058"
"510";"On Your Side";"3071107";"83899"
"511";"The Nino Brown Mixtape";"0";"1"
"512";"Thank Me Later";"8528876";"395031"
"513";"The Script";"11817588";"792456"
"514";"Back To Me";"394146";"70504"
"515";"Love Like Crazy";"695711";"178079"
"516";"Hold You";"185385";"32368"
"517";"That's Why";"256437";"84466"
"518";"La Roux";"17616586";"659168"
"519";"The Fame Monster";"35580786";"1266440"
"520";"Sparks Fly";"981295";"122604"
"521";"Cradlesong";"1133990";"80513"
"522";"The Element of Freedom";"6966615";"534519"
"523";"Telephantasm";"567816";"83492"
"524";"Dark Horse";"12391841";"526150"
"525";"Breakthrough";"3036085";"297709"
"526";"Wide Open";"1236623";"228059"
"527";"Nightmare";"13351316";"294914"
"528";"She Won't Be Lonely Long";"85671";"20031"
"529";"Alternative Times, Volume 114";"117";"56"
"530";"Can't Be Tamed";"7052718";"302797"
"531";"Hannah Montana Forever";"1158";"111"
"532";"Now That’s What I Call Music! 76";"1043";"74"
"533";"Old Things New";"184937";"67300"
"534";"Ready";"2172875";"134201"
"535";"Promo Only: Country Radio, March 2010";"116";"44"
"536";"No Mercy";"1812322";"123499"
"537";"Asylum";"5485516";"143499"
"538";"Replay";"0";"1"
"539";"Another Round";"173267";"19268"
"540";"Glee: The Music: Journey To Regionals";"6416";"657"
"541";"Glee: The Music, Volume 1";"3177019";"233031"
"542";"Bionic";"0";"0"
"543";"Glee: The Music: Best Of Season One";"2750";"579"
"544";"Steel Magnolia";"147824";"34333"
"545";"To The Sea";"4012908";"236286"
"546";"Glee: The Music, The Complete Season One";"2081434";"29452"
"547";"Unstoppable";"779799";"103195"
"548";"We Are Young Money";"1785378";"323795"
"549";"Keep On";"591359";"115969"
"550";"Greatest Hits II";"644481";"62235"
"551";"The Foundation";"1777507";"136394"
"552";"The Blow Up";"145739";"5045"
"553";"Neutron Star Collision (Love Is Forever)";"178221";"16328"
"554";"Today Was a Fairytale";"132622";"36153"
"555";"Justin Moore";"1282548";"231338"
"556";"Kiss & Tell";"4735603";"561274"
"557";"She Wolf";"7589157";"537384"
"558";"BLACKsummers'night";"1113299";"135309"
"559";"All I Ever Wanted";"8284073";"522469"
"560";"The Time of Our Lives";"4111613";"514675"
"561";"Scars & Souvenirs";"0";"1"
"562";"Give Me A Sign (Forever And Ever)";"22";"12"
"563";"Defying Gravity";"954943";"143104"
"564";"Believe";"932283";"54387"
"565";"Smoke & Mirrors";"2527987";"222465"
"566";"The State vs. Radric Davis";"748131";"62557"
"567";"Sex Therapy: The Experience";"878855";"105210"
"568";"Backspacer";"8828312";"395344"
"569";"Little Bit Of Everything";"885733";"241026"
"570";"B.o.B Presents: The Adventures of Bobby Ray";"3678527";"255033"
"571";"Light";"0";"1"
"572";"The Bridge";"1178908";"126597"
"573";"Soldier of Love";"3121667";"205332"
"574";"Nu Rock Traxx, Volume 408: CAN";"291";"119"
"575";"Wolfgang Amadeus Phoenix";"0";"0"
"576";"The Sound of Madness";"7598698";"278308"
"577";"Learn To Live";"0";"0"
"578";"Boston's Boy";"998426";"220823"
"579";"Ocean Eyes";"18809651";"734494"
"580";"My Best Days";"88525";"9657"
"581";"Only by the Night";"53546565";"1799792"
"582";"The Fame";"44912896";"1655539"
"583";"Pants on the Ground";"1659";"541"
"584";"Small Town Girl";"980852";"200290"
"585";"The Singles Collection";"0";"0"
"586";"Southern Voice";"1479148";"305804"
"587";"Feel That Fire";"380242";"48276"
"588";"Who I Am";"761202";"84883"
"589";"Major Tom";"0";"1"
"590";"Hope for Haiti Now";"16272";"2044"
"591";"My World";"3168371";"297173"
"592";"Startin' With Me";"40";"6"
"593";"Growing Up Is Getting Old";"202940";"66675"
"594";"The Resistance";"37969970";"983736"
"595";"Life Starts Now";"12471460";"569286"
"596";"Graffiti";"2496723";"317901"
"597";"Rated R";"15959998";"806574"
"598";"Dear Agony";"8220516";"348196"
"599";"Hot Mess";"3006684";"118408"
"600";"I'm About To Come Alive";"569185";"130924"
"601";"Årsbeste 2009";"1411";"556"
"602";"Promo Only: Country Radio, April 2009";"70";"24"
"603";"Raditude";"1772454";"140599"
"604";"Relapse: Refill";"1845065";"172017"
"605";"Echo";"4287463";"336076"
"606";"Jeremih";"1020323";"199580"
"607";"Greatest Hits";"14063347";"587649"
"608";"Kings and Queens";"175829";"40227"
"609";"Memoirs of an Imperfect Angel";"4660468";"282855"
"610";"MTV Unplugged";"48425";"12611"
"611";"I Dreamed A Dream";"1034201";"106515"
"612";"My Paper Heart";"219633";"17381"
"613";"The Circle";"1536632";"84346"
"614";"Rebelution";"2376530";"352184"
"615";"Before I Self Destruct";"1051337";"55295"
"616";"Love Drunk";"4720827";"305189"
"617";"Whatever You Like";"39555";"3679"
"618";"American Ride";"278135";"80256"
"619";"21st Century Breakdown";"21288689";"593111"
"620";"Tomorrow";"942174";"224111"
"621";"Cage the Elephant";"8571148";"569312"
"622";"Good Morning";"180367";"83347"
"623";"Skinny Jeanz And A Mic";"103699";"21573"
"624";"The Fray";"0";"0"
"625";"So Far Gone";"7226998";"879757"
"626";"Slice";"691558";"85017"
"627";"Battlefield";"1769989";"175623"
"628";"Dorrough Music";"198662";"74487"
"629";"Sounds Like Life";"60192";"24882"
"630";"Party Rock";"3754336";"324240"
"631";"Black Gives Way to Blue";"0";"0"
"632";"One of the Boys";"24559673";"1675791"
"633";"Greatest Hits";"692992";"19628"
"634";"Anything Goes";"0";"0"
"635";"I Look to You";"1662195";"134218"
"636";"David Cook";"2677490";"135702"
"637";"City Of Black & White";"1634670";"208097"
"638";"Losing Sleep";"2058024";"222284"
"639";"Love On The Inside";"0";"1"
"640";"Imperial Blaze";"1111604";"53968"
"641";"Full Circle";"2314144";"131445"
"642";"Awake";"7387727";"256890"
"643";"Want";"11040741";"454147"
"644";"Jessie James";"686736";"88597"
"645";"Kellie Pickler";"572434";"133664"
"646";"Here We Go Again";"6639076";"308217"
"647";"Grand";"6722624";"389449"
"648";"Coming To Terms";"3108857";"235883"
"649";"Viver a Vida - Internacional";"6738";"1930"
"650";"We Started Nothing";"17024603";"1066795"
"651";"Celebration";"7260675";"353779"
"652";"Hannah Montana 3";"600114";"81793"
"653";"The Hits Collection, Volume 1";"31099";"16612"
"654";"Everything Comes And Goes";"149314";"10393"
"655";"Shine";"0";"1"
"656";"We Sing. We Dance. We Steal Things.";"4993330";"560467"
"657";"The Introduction of Marcus Cooper";"240145";"31630"
"658";"That Don't Make Me A Bad Guy";"232706";"58136"
"659";"Lines, Vines and Trying Times";"1741832";"94266"
"660";"Good Time";"570248";"127612"
"661";"Finding Beauty in Negative Spaces";"7578931";"588728"
"662";"Back When I Knew It All";"400910";"124551"
"663";"Big Whiskey And The Groogrux King";"0";"1"
"664";"Nothing Personal";"11777873";"266430"
"665";"We Made You";"156718";"34167"
"666";"Big Bad World";"1584119";"142687"
"667";"Kris Allen";"2092367";"147781"
"668";"American Idol: Season 8";"607";"86"
"669";"808s & Heartbreak";"9866934";"972139"
"670";"Jet Black & Jealous";"295683";"74591"
"671";"No Boundaries";"51096";"8652"
"672";"Jennifer Hudson";"0";"0"
"673";"Charice";"432688";"15598"
"674";"Easy Does It";"401993";"103380"
"675";"Promo Only: Urban Radio, February 2009";"105";"26"
"676";"Uncle Charlie";"157241";"39715"
"677";"Folie à deux";"0";"0"
"678";"Walk This Way";"1180930";"94788"
"679";"iTunes Live from London";"3169";"220"
"680";"Troubadour";"415723";"113183"
"681";"Swoon";"6501055";"246552"
"682";"Guilty Pleasure";"4638190";"207562"
"683";"Doll Domination";"4174308";"580871"
"684";"Untouched";"0";"1"
"685";"A Different Me";"706760";"111098"
"686";"Prom Queen";"25601";"6701"
"687";"Oracular Spectacular";"53719478";"2162096"
"688";"Metamorphosis";"6076011";"378688"
"689";"Fearless";"1777086";"273533"
"690";"Call Me Crazy";"126985";"21853"
"691";"Thriving Ivory";"637932";"40781"
"692";"Promo Only: Modern Rock Radio, October 2008";"274";"118"
"693";"Carnival Ride";"3433302";"365989"
"694";"No Line on the Horizon";"6741537";"293873"
"695";"Spirit";"9283762";"943513"
"696";"Crazy Ex-Girlfriend";"1238158";"203436"
"697";"Good Girl Gone Bad";"17434795";"1567826"
"698";"High Hopes & Heartbreak";"184258";"26167"
"699";"Jonas Brothers: The 3D Concert Experience";"4644";"365"
"700";"Freedom";"5950454";"773941"
"701";"19";"0";"0"
"702";"F*** You";"0";"1"
"703";"The Singles Collection";"24135";"4229"
"704";"2008-06-06: Rock in Rio, Lisbon, Portugal";"9134";"2525"
"705";"Decode";"510932";"107316"
"706";"Working on a Dream";"1870762";"91652"
"707";"Saving Abel";"2759817";"349697"
"708";"Another Cinderella Story";"122367";"37683"
"709";"That Lonesome Song";"0";"0"
"710";"It's A New Day";"70997";"32803"
"711";"Promo Only: Modern Rock Radio, August 2008";"339";"115"
"712";"Live On Red Rocks";"79152";"4634"
"713";"Metro Station";"9341070";"539464"
"714";"Take It To The Limit";"2771169";"232339"
"715";"Some Mad Hope";"3241224";"260606"
"716";"Human";"0";"1"
"717";"Avant";"271507";"78131"
"718";"A Twist in My Story";"4123564";"290799"
"719";"Wanderlust";"653746";"73150"
"720";"Breakout";"6019339";"351938"
"721";"Radio 1's Live Lounge, Volume 4";"1621";"138"
"722";"Daughtry";"6207725";"503285"
"723";"Palabras Del Silencio";"366747";"43897"
"724";"Viva la Vida or Death and All His Friends";"0";"0"
"725";"Minutes to Midnight";"43387465";"1454255"
"726";"Do You Believe Me Now";"158590";"46165"
"727";"5th Gear";"1507741";"275137"
"728";"Bucky Covington";"239673";"60783"
"729";"All Summer Long";"307097";"110055"
"730";"Day & Age";"22952981";"876557"
"731";"Departure";"1868972";"192186"
"732";"Death Magnetic";"18584280";"536090"
"733";"High School Musical 3 : Nos années lycée";"17";"6"
"734";"As I Am";"0";"1"
"735";"Starting Now";"486370";"102820"
"736";"Promo Only: Country Radio, May 2008";"49";"18"
"737";"In Orbit";"908867";"134337"
"738";"Gossip In The Grain";"3734389";"315785"
"739";"Be OK";"4468664";"292510"
"740";"Good Girl Gone Bad: Reloaded";"6315476";"632177"
"741";"Pocketful of Sunshine";"0";"0"
"742";"Dig Out Your Soul";"7933145";"272233"
"743";"Golden Road";"1349187";"272522"
"744";"Tha Carter III";"0";"1"
"745";"Paper Trail";"0";"1"
"746";"NOW: The Hits of Summer 2012";"1207";"311"
"747";"Holler Back";"251319";"72868"
"748";"RIOT!";"44012363";"1316767"
"749";"JUST STAND UP!";"19766";"5794"
"750";"Boys Like Girls";"11691405";"720191"
"751";"Simple Times";"3999534";"238621"
"752";"Just Like You";"1695569";"329508"
"753";"Live at Beacon Theatre, New York, USA";"0";"1"
"754";"3 Doors Down";"6739780";"549239"
"755";"Thirsty";"290593";"46163"
"756";"Exclusive: The Forever Edition";"1034436";"41673"
"757";"E=MC²";"2938181";"345862"
"758";"Fight With Tools";"5040618";"372860"
"759";"Cowboy Town";"246301";"63967"
"760";"Get Silly";"85921";"18330"
"761";"Welcome to the Dollhouse";"2172603";"268846"
"762";"Gavin DeGraw";"1877236";"215753"
"763";"Do You Know";"0";"0"
"764";"Living Hard";"500361";"148955"
"765";"Coco";"8202116";"773633"
"766";"Pop It! Rock it!";"100";"39"
"767";"Just Who I Am: Poets & Pirates";"747630";"212772"
"768";"We Weren't Crazy";"500476";"122134"
"769";"Flyleaf";"14494310";"746380"
"770";"Dreaming Out Loud";"0";"1"
"771";"Long Trip Alone";"1153609";"265427"
"772";"Indestructible";"14437957";"501446"
"773";"Julianne Hough";"533714";"100185"
"774";"Identified";"1685347";"92394"
"775";"Still Feels Good";"775377";"103364"
"776";"Massive R&B: Winter 2008";"64";"20"
"777";"Taylor Swift";"0";"0"
"778";"Trey Day";"3137322";"706144"
"779";"Lady Antebellum";"2132311";"257439"
"780";"Narrow Stairs";"0";"1"
"781";"Prayer Of A Common Man";"120225";"42340"
"782";"Meet Miley Cyrus";"1153498";"127006"
"783";"iTunes Live from SoHo";"3793";"1964"
"784";"Who We Are";"5264813";"440338"
"785";"My Life's Been A Country Song";"652570";"200017"
"786";"Famous";"2201371";"273280"
"787";"Aliens & Rainbows";"332346";"38941"
"788";"15";"0";"0"
"789";"Them vs. You vs. Me";"0";"1"
"790";"Jonas Brothers";"4230487";"260308"
"791";"Perfectly Clear";"474583";"103818"
"792";"iTunes Live from SoHo";"45270";"4741"
"793";"Hard Candy";"0";"0"
"794";"Total Club Hits";"470743";"288799"
"795";"Sweet and Low (Live at Sweetwater Studios)";"352";"155"
"796";"Relentless";"968266";"210883"
"797";"It Won't Be Soon Before Long";"0";"0"
"798";"Sean Kingston";"2864209";"596803"
"799";"Back Of My Lac'";"1772775";"462860"
"800";"R&B Collection";"62453";"30223"
"801";"Go";"856024";"258485"
"802";"DAY26";"1118928";"248818"
"803";"If You're Going Through Hell";"486702";"61436"
"804";"Accelerate";"2735802";"150609"
"805";"Echoes, Silence, Patience & Grace";"13211324";"1032484"
"806";"The Dutchess";"0";"0"
"807";"Little Bit Of Life";"442049";"140480"
"808";"The Odd Couple";"5869784";"335076"
"809";"Insomniatic";"0";"1"
"810";"Detours";"0";"0"
"811";"Sleep Through The Static";"11332130";"557814"
"812";"Girls and Boys";"0";"1"
"813";"Enjoy The Ride";"0";"1"
"814";"It Is Time For A Love Revolution";"2071017";"209483"
"815";"Face Off";"436311";"130976"
"816";"Big Dog Daddy";"142150";"30498"
"817";"The Leak";"62388";"9585"
"818";"Inhuman Rampage";"5615012";"251252"
"819";"Good Morning Revival";"10854716";"609402"
"820";"Exile On Mainstream";"3890471";"301359"
"821";"Headstrong";"3781961";"355830"
"822";"Growing Pains";"1033453";"129784"
"823";"Don't Look Away";"2043810";"181054"
"824";"Everything Is Fine";"456088";"111753"
"825";"Promo Only: Country Radio, February 2008";"66";"21"
"826";"Magic";"2779675";"217864"
"827";"All The Right Reasons";"0";"0"
"828";"Hood Classics";"170107";"80409"
"829";"The Reminder";"23781031";"1067300"
"830";"Every Second Counts";"4325983";"393870"
"831";"Waitin' In The Country";"6";"2"
"832";"Family";"254433";"33607"
"833";"Never Too Late";"48255";"15764"
"834";"Greatest Hits";"279183";"70518"
"835";"Mistletoe";"85033";"55000"
"836";"All That We Needed";"7382188";"675118"
"837";"Brave";"1956900";"303508"
"838";"Some Hearts";"4998840";"485319"
"839";"Now That’s What I Call Music! 67";"311";"103"
"840";"Continuum";"21861179";"1081502"
"841";"Elliott Yamin";"624181";"94582"
"842";"Greatest Hits";"1698467";"103021"
"843";"Real Things";"244453";"87496"
"844";"The Black Parade";"0";"0"
"845";"Infinity on High";"28792342";"1083071"
"846";"Sawdust";"16471686";"721947"
"847";"The Best Of Nelly";"53473";"3046"
"848";"All the Lost Souls";"7805067";"606326"
"849";"FutureSex/LoveSounds";"0";"0"
"850";"Rnb Superclub, Volume 8";"24";"13"
"851";"Time For A Change";"151489";"41033"
"852";"Rnb, Volume 40";"11";"6"
"853";"Shodown";"24";"15"
"854";"Greatest Hits: The Ultimate Collection";"91340";"6485"
"855";"Promo Only Canada Rhythm Radio: December 2007";"26";"17"
"856";"The Evolution of Robin Thicke";"2476077";"326803"
"857";"Wild Child";"391";"136"
"858";"High School Musical 2";"57948";"12957"
"859";"Love, Pain & the whole crazy thing";"1011611";"171929"
"860";"Icky Thump";"13784877";"825170"
"861";"The Hit List 16";"0";"1"
"862";"My December";"0";"0"
"863";"VYP: Voice of the Young People";"33953";"3699"
"864";"Between Raising Hell And Amazing Grace";"363210";"90490"
"865";"It Just Comes Natural";"0";"1"
"866";"Home At Last";"49868";"5648"
"867";"The Paramour Sessions";"9056628";"448470"
"868";"Sex, Love & Pain";"20729";"4341"
"869";"Doin' Somethin' Right";"1102721";"276231"
"870";"Greatest Hits, Volume Two: The Videos & Live At Red Rocks";"645";"269"
"871";"Dignity";"4389362";"373025"
"872";"Extreme Behavior";"7095148";"695871"
"873";"Sinners Like Me";"1560318";"260201"
"874";"Memory Almost Full";"0";"1"
"875";"Now That's What I Call Music! 46";"3078";"214"
"876";"Dusk And Summer";"5320466";"371022"
"877";"Doomsday Clock";"1280";"783"
"878";"Black Rain";"2593774";"223127"
"879";"Pop Express 726P";"37";"23"
"880";"Like Red On A Rose";"115401";"17817"
"881";"Loose";"17323796";"1242377"
"882";"Don't You Fake It";"8968934";"653645"
"883";"2008-08-07: Rehearsals: Adler Theater, Davenport, IA, USA";"952";"475"
"884";"B.C.: Before Curtis";"44605";"5014"
"885";"Back to Basics";"22834340";"848481"
"886";"I'll stand by you";"1976";"244"
"887";"Pure BS";"788145";"223865"
"888";"Katharine McPhee";"1440864";"194639"
"889";"The Road and the Radio";"870816";"178758"
"890";"Sam's Town";"38955259";"1770619"
"891";"Awake";"3997497";"209644"
"892";"Phobia";"25841625";"1292151"
"893";"Up to Now";"4562795";"319404"
"894";"Life in Cartoon Motion";"0";"0"
"895";"Light Grenades";"18370664";"911631"
"896";"How to Save a Life";"25872734";"1369516"
"897";"Massive R&B: Spring 2008";"2";"1"
"898";"PCD";"7803610";"1017975"
"899";"21";"0";"1"
"900";"The Best Damn Thing";"14784306";"791587"
"901";"T.I.P. Drill";"0";"1"
"902";"Foiled";"4838715";"315274"
"903";"Greatest Hits";"351300";"85953"
"904";"III";"663885";"205309"
"905";"One-X (Deluxe Version)";"145083";"7891"
"906";"The Story";"2692038";"251828"
"907";"Greatest Hits";"32721";"1172"
"908";"V";"2761741";"256012"
"909";"We Were Dead Before The Ship Even Sank";"20440832";"985439"
"910";"This Is It";"331956";"88480"
"911";"Zombies! Aliens! Vampires! Dinosaurs! And More!";"289946";"40413"
"912";"Introducing Joss Stone";"3009425";"324852"
"913";"Begin to Hope";"26342116";"1057157"
"914";"Costello Music";"19097040";"1122536"
"915";"Hillbilly Deluxe";"562843";"160318"
"916";"All The Stars and Boulevards";"4790695";"352317"
"917";"Year Zero";"0";"0"
"918";"Taking The Long Way";"2691240";"231654"
"919";"Nothing Left To Lose";"3392790";"362067"
"920";"Wind It Up";"192643";"96725"
"921";"Eye to the Telescope";"10685155";"803974"
"922";"Jason Aldean";"1293486";"238871"
"923";"Corinne Bailey Rae";"8281017";"762256"
"924";"Time Well Wasted";"1534896";"266643"
"925";"No Ordinary Girl";"0";"1"
"926";"Once Again";"4054500";"379596"
"927";"...Something to Be";"1540398";"310978"
"928";"Not Too Late";"6837257";"392989"
"929";"Naked Brothers Band";"6925";"641"
"930";"Country Is My Rock";"238937";"53304"
"931";"Come What(ever) May";"10044007";"384878"
"932";"Promo Only: Country Radio, October 2006";"81";"28"
"933";"Wincing the Night Away";"22504687";"1084471"
"934";"Step Up";"0";"1"
"935";"Promo Only: Modern Rock Radio, November 2006";"846";"335"
"936";"Me And My Gang";"2236249";"301992"
"937";"Unappreciated";"575750";"147491"
"938";"Chris Brown";"0";"1"
"939";"Now That's What I Call Music! 23";"1142";"240"
"940";"The Open Door";"18762045";"750198"
"941";"Oh No";"9118629";"665088"
"942";"Decemberunderground";"0";"0"
"943";"American Dream";"10842";"2784"
"944";"El Mariel";"674343";"133075"
"945";"Stadium Arcadium";"37351312";"1645314"
"946";"Danity Kane";"1172376";"120124"
"947";"Pop Hits: Class of 2007";"148";"17"
"948";"Hate (I Really Don't Like You)";"74146";"24860"
"949";"Happy Xmas (War Is Over)";"2205";"1028"
"950";"I Loved Her First";"31071";"6261"
"951";"Rebels";"632789";"48208"
"952";"Mario Vazquez";"438512";"103530"
"953";"Celestial (International Version)";"0";"0"
"954";"Casino Royale, Volume 1: For the Hustlers";"61";"33"
"955";"Coming Home";"183926";"34864"
"956";"You Know My Name";"283931";"62987"
"957";"Acoustic Hearts of Winter";"148198";"21653"
"958";"Two Lights";"769008";"124400"
"959";"Your Man";"1144111";"256715"
"960";"El tren de los momentos";"0";"0"
"961";"The Return";"88818";"22930"
"962";"Promo Only: Mainstream Radio, August 2006";"321";"104"
"963";"White Trash With Money";"242633";"64139"
"964";"Brand New Girlfriend";"29839";"5496"
"965";"Cassie";"1985230";"318715"
"966";"Stand Still, Look Pretty";"1194287";"125510"
"967";"Into the Rush";"984813";"129590"
"968";"Live Session (iTunes Exclusive)";"1619";"701"
"969";"Steady, as She Goes";"357910";"91241"
"970";"The Road To Here";"841268";"174526"
"971";"Livin' Shady";"135640";"33647"
"972";"Ananda";"0";"1"
"973";"A Public Affair";"0";"0"
"974";"Fireflies";"406961";"52054"
"975";"Paris";"0";"1"
"976";"Cannonball";"103467";"21614"
"977";"Under the Iron Sea";"13082336";"846573"
"978";"The Cheetah Girls 2";"1230";"152"
"979";"Let Love In";"1700938";"127098"
"980";"Tough All Over";"496182";"147989"
"981";"Wreck of the Day";"4536619";"461910"
"982";"Louder Now";"11478980";"452150"
"983";"Now That's What I Call Music! 22";"984";"209"
"984";"Bittersweet World";"2150787";"189273"
"985";"Love Story";"36006";"4635"
"986";"Three Chord Country and American Rock & Roll";"665485";"163176"
"987";"The Day Has Come";"435535";"64813"
"988";"See You on the Other Side";"5168671";"368674"
"989";"Revelations";"0";"1"
"990";"Breakaway";"15484827";"1240606"
"991";"Left for Dead";"463622";"88538"
"992";"Soundtrack To Your Life";"430991";"50922"
"993";"Gettin' Some";"64313";"37592"
"994";"Unwritten";"0";"0"
"995";"Modern Day Drifter";"1037795";"254007"
"996";"Greatest Hits";"89755";"19339"
"997";"Platinum Slow Jams 21 (Mixed by DJ Finesse)";"1192";"751"
"998";"Have A Nice Day";"2927000";"218275"
"999";"King Of Kings";"741021";"129793"
"1000";"This Woman";"186879";"21597"
"1001";"On Top of Our Game";"203208";"55532"
"1002";"A Love Song Collection";"44536";"7369"
"1003";"The Breakthrough";"0";"1"
"1004";"Girl Next Door";"396969";"49020"
"1005";"The Real Thing";"159306";"21226"
"1006";"Underage Thinking";"1802850";"227617"
"1007";"Morris Brown";"130";"24"
"1008";"Ghetto Story";"58184";"13707"
"1009";"Director";"871145";"202697"
"1010";"My Kind Of Livin'";"939013";"252286"
"1011";"Jagged Edge";"0";"1"
"1012";"Back to Bedlam";"0";"1"
"1013";"The Trinity";"3051395";"336128"
"1014";"Tormenta tropical, Volume One";"17";"6"
"1015";"Somewhere Down In Texas";"175324";"36906"
"1016";"From Under the Cork Tree";"25585997";"1036109"
"1017";"We Don't Need to Whisper";"6898074";"457618"
"1018";"Road Trippin' Through Time";"267687";"11549"
"1019";"Fear and Loathing";"201831";"125142"
"1020";"In My Mind";"191483";"40366"
"1021";"I Wish We All Could Win";"854719";"79741"
"1022";"Us and Them";"0";"1"
"1023";"Pearl Jam";"0";"1"
"1024";"Be Here";"1638321";"292875"
"1025";"IV";"3517809";"290408"
"1026";"Blake Shelton's Barn & Grill";"0";"1"
"1027";"Youth";"6465366";"393279"
"1028";"Something To Be Proud Of: The Best of 1999-2005";"117336";"45562"
"1029";"Lifehouse";"6442002";"552949"
"1030";"With Teeth";"0";"0"
"1031";"Hero";"448941";"56709"
"1032";"Show Your Bones";"15754162";"922823"
"1033";"Sessions @ AOL";"8283";"1544"
"1034";"Confessions on a Dance Floor";"12148307";"769681"
"1035";"Real Fine Place";"367929";"91497"
"1036";"The Old Atlanta Mixtape";"0";"1"
"1037";"The Autumn Effect";"3921383";"340189"
"1038";"X&Y";"0";"0"
"1039";"Kerosene";"0";"0"
"1040";"Big Boi Presents... Got Purp, Volume 2";"217";"31"
"1041";"Raydiation";"706572";"209489"
"1042";"Funkymix 91";"2255";"1494"
"1043";"There It Go! (The Whistle Song)";"1027";"249"
"1044";"The Velvet Hour";"245253";"43371"
"1045";"Dark Light";"5144624";"269572"
"1046";"Twice The Speed Of Life";"804069";"141406"
"1047";"Curtain Call: The Hits";"6529179";"740151"
"1048";"MMHMM";"5724882";"281763"
"1049";"The Emancipation of Mimi: Ultra Platinum Edition";"141614";"29859"
"1050";"3121";"738556";"53138"
"1051";"Music of the Sun";"2432389";"291310"
"1052";"Live Like You Were Dying";"482049";"61129"
"1053";"Greatest Hits, Volume One: The Singles";"166767";"16763"
"1054";"Greatest Hits: The Atlantic Years";"533467";"36069"
"1055";"City of Evil";"0";"1"
"1056";"Disney Classics Box Set";"11";"8"
"1057";"Chariot";"0";"1"
"1058";"2005-07-30: Street Scene, San Diego, CA, USA";"782054";"315566"
"1059";"The Way It Is";"901824";"219407"
"1060";"Make Believe";"8315710";"672671"
"1061";"American Idiot";"34580417";"1490114"
"1062";"The Emancipation of Mimi";"4447654";"485989"
"1063";"I Am Me";"3135018";"384875"
"1064";"Queen Of The Keys (Mixed By Bigg Premiere)";"0";"1"
"1065";"Anywhere But Here";"400930";"127129"
"1066";"In Your Honor";"11232904";"929538"
"1067";"Fidel Cashflow, Part Two";"1";"1"
"1068";"Feels Like Today";"0";"0"
"1069";"Three Cheers for Sweet Revenge";"0";"0"
"1070";"Comin' to Your City";"186385";"18553"
"1071";"More Than Words";"10256";"5795"
"1072";"Disturbed";"541307";"93327"
"1073";"Switch";"912871";"83119"
"1074";"Honkytonk University";"490972";"157744"
"1075";"Beside You In Time";"584811";"23143"
"1076";"You Do Your Thing";"678443";"200321"
"1077";"Greetings From Imrie House";"1044758";"76771"
"1078";"Wildflower";"0";"0"
"1079";"Timeless";"150285";"29194"
"1080";"Listen to Your Heart (feat. Edmée)";"1183";"256"
"1081";"That's Life";"207730";"51844"
"1082";"Outta Control";"412";"69"
"1083";"Out of Exile";"11707504";"855336"
"1084";"Naked";"583043";"190249"
"1085";"Hot Fuss";"52474785";"2622528"
"1086";"Brave";"92617";"23564"
"1087";"Playing the Angel";"10348386";"439911"
"1088";"C About Me";"28820";"3119"
"1089";"The Singles: 1996-2006";"274";"25"
"1090";"Getting Away With Murder";"12682547";"968048"
"1091";"All Jacked Up";"323748";"77631"
"1092";"First Impressions of Earth";"27934340";"1043290"
"1093";"Major Flavours 6";"580";"45"
"1094";"Unknown Language";"199695";"56863"
"1095";"Destiny Fulfilled";"2940332";"518052"
"1096";"Jasper County";"90883";"22020"
"1097";"Most Wanted";"2054969";"318896"
"1098";"Who Did You Think I Was";"76932";"35011"
"1099";"The One";"529120";"125580"
"1100";"The Massacre";"4592253";"405889"
"1101";"Late Registration";"18465731";"823888"
"1102";"Never Gone";"2364214";"179045"
"1103";"Get Right With The Man";"179939";"40514"
"1104";"Jermaine Dupri Presents: Young, Fly & Flashy, Volume 1";"500";"191"
"1105";"The Dukes of Hazzard";"0";"1"
"1106";"Live From...";"0";"1"
"1107";"Boyz N Da Hood";"120176";"12802"
"1108";"Promo Only: Mainstream Radio, May 2005";"115";"67"
"1109";"Sweet Right Here";"124921";"24302"
"1110";"Pyro Technics";"546001";"316727"
"1111";"Album II";"430059";"83342"
"1112";"Mr. A-Z";"4625731";"230495"
"1113";"Guero";"12187315";"874553"
"1114";"When The Sun Goes Down";"1341679";"297525"
"1115";"Bobby Valentino";"572054";"144358"
"1116";"O";"789482";"235593"
"1117";"United State of Atlanta";"477392";"142005"
"1118";"Darryl Worley";"151502";"55261"
"1119";"Stand Up";"2369931";"178670"
"1120";"Man Like Me";"16455";"2900"
"1121";"What I Do";"87507";"8713"
"1122";"Star Lounge 2005 Collection";"6327";"4538"
"1123";"Turning Point";"1872540";"531013"
"1124";"Get Behind Me Satan";"13140870";"732086"
"1125";"In Between Dreams";"36441873";"1530143"
"1126";"Mi Sangre";"2813762";"338119"
"1127";"A Hangover You Don't Deserve";"4628942";"484338"
"1128";"Touch";"1189590";"268850"
"1129";"Natalie";"204411";"40700"
"1130";"Here for the Party";"720223";"161282"
"1131";"The Diary of Alicia Keys";"4315355";"525880"
"1132";"Confessions";"4496285";"722949"
"1133";"Revelation";"153094";"63207"
"1134";"Free Yourself";"389922";"96519"
"1135";"Josh Gracin";"336336";"75823"
"1136";"Beautiful Soul";"1827777";"224982"
"1137";"This I Gotta See";"45608";"9296"
"1138";"The Very Best Of Brooks & Dunn";"1355435";"336230"
"1139";"Get Lifted";"4394725";"398855"
"1140";"Lost and Found";"6208311";"620790"
"1141";"In The Kitchen / Trapped In The Closet (Chapter 1 of 5)";"28";"19"
"1142";"Rebirth";"1531549";"318465"
"1143";"Let's Be Us Again";"194292";"55214"
"1144";"Martina";"360224";"92135"
"1145";"In My High School";"50104";"14175"
"1146";"How to Dismantle an Atomic Bomb";"9520789";"781996"
"1147";"Hopes and Fears";"0";"0"
"1148";"Premium Quality Tunes";"34970";"6239"
"1149";"TP.3 Reloaded";"324121";"34689"
"1150";"There's More Where That Came From";"139105";"36884"
"1151";"Lullabies to Paralyze";"18575948";"865191"
"1152";"Mud On The Tires";"1812949";"299591"
"1153";"Greatest Hits: My Prerogative";"5993781";"563750"
"1154";"Heavier Things";"9689601";"636516"
"1155";"Live in Buffalo: July 4th 2004";"15430";"2627"
"1156";"Let Them Be Little";"18339";"4294"
"1157";"Number Ones";"844092";"154107"
"1158";"We Are Not Alone";"0";"1"
"1159";"Under My Skin";"16767848";"842716"
"1160";"The Chronicles of Life and Death";"0";"0"
"1161";"Absolute Garbage";"3089315";"243953"
"1162";"Frances the Mute";"6825884";"341060"
"1163";"Three Days Grace";"18353383";"1276039"
"1164";"Now Winter 2005";"117";"65"
"1165";"Room To Breathe";"0";"1"
"1166";"2005-02-10: Norman, OK, USA";"19536";"10946"
"1167";"Give Up";"33593960";"1290225"
"1168";"Straight Outta Ca$hville";"407140";"146838"
"1169";"1 on 1";"49516";"15371"
"1170";"The Beautiful Letdown";"4743887";"367381"
"1171";"Horse of a Different Color";"524985";"52630"
"1172";"Finger Eleven";"2173598";"296622"
"1173";"Dierks Bentley";"1012395";"279815"
"1174";"Contraband";"7407630";"659375"
"1175";"This Type of Thinking (Could Do Us In)";"0";"1"
"1176";"True Story";"277037";"60071"
"1177";"Comin' From Where I'm From";"680845";"119189"
"1178";"See If I Care";"552138";"164770"
"1179";"My Everything";"119430";"30409"
"1180";"Strait Hits";"22797";"3391"
"1181";"Musicology";"735487";"56327"
"1182";"Restless";"0";"1"
"1183";"Autobiography";"0";"0"
"1184";"Back to Basics";"188238";"56567"
"1185";"Harmonium";"1956801";"211672"
"1186";"One Love";"36961";"5780"
"1187";"Sweat / Suit";"28904";"17557"
"1188";"Player's Paradise";"16193";"3682"
"1189";"Accidentally In Love";"369003";"146357"
"1190";"Franz Ferdinand";"0";"1"
"1191";"After The Storm";"704702";"201877"
"1192";"The Long Road";"6928114";"576439"
"1193";"Away from the Sun";"13759925";"1295598"
"1194";"Billy Currington";"467671";"150090"
"1195";"Good News For People Who Love Bad News";"28208343";"1441601"
"1196";"Julie Roberts";"229469";"45887"
"1197";"Save a Horse (Ride a Cowboy)";"82742";"42588"
"1198";"Ocean Avenue";"14649313";"755762"
"1199";"Greatest Hits '93-'03";"1742187";"155374"
"1200";"Shock'n Y'All";"0";"1"
"1201";"Tuskegee";"309998";"38915"
"1202";"Meteora";"49217035";"1827800"
"1203";"Fallen";"0";"0"
"1204";"Get Born";"11658484";"1147353"
"1205";"RnB Superclub, Volume 4.0";"15";"5"
"1206";"One Love";"105421";"22704"
"1207";"Totally Country, Volume 4";"0";"1"
"1208";"Chicken-N-Beer";"121642";"12920"
"1209";"Private Room";"688463";"203370"
"1210";"In This Skin";"989527";"216276"
"1211";"Strong";"219708";"83082"
"1212";"D12 World";"2532599";"423330"
"1213";"The Battle For Everything";"1413160";"229123"
"1214";"Red Dirt Road";"229382";"55209"
"1215";"Closer";"1826195";"106700"
"1216";"Melt";"857091";"132952"
"1217";"White Turns Blue";"0";"1"
"1218";"A Few Questions";"56485";"20935"
"1219";"The Very Best of Sheryl Crow";"0";"0"
"1220";"Honkytonkville";"138412";"35794"
"1221";"Buddy Jewell";"64911";"15165"
"1222";"What If?";"316672";"86700"
"1223";"Three";"1497898";"258650"
"1224";"Up! (Red and Green Versions)";"998";"89"
"1225";"Thirteenth Step";"0";"0"
"1226";"Start Something";"0";"0"
"1227";"Fever To Tell";"20365129";"1147280"
"1228";"Totally Hits 2004";"0";"1"
"1229";"Metamorphosis";"2363437";"277789"
"1230";"Dress Rehearsal";"135222";"32729"
"1231";"A Crow Left Of The Murder...";"4234510";"184267"
"1232";"Blue County";"28649";"5461"
"1233";"Results May Vary";"7317644";"676453"
"1234";"The Singles 1992-2003";"0";"0"
"1235";"My Private Nation";"1138740";"176018"
"1236";"Natural Selection";"1439472";"247705"
"1237";"Audioslave";"0";"0"
"1238";"Jimmy Wayne";"233973";"61356"
"1239";"This Is Me... Then";"715533";"129520"
"1240";"DJ Smallz Presents: Southern Smoke, Part 3";"0";"1"
"1241";"Long Black Train";"413071";"113168"
"1242";"Mid Summer Megamix 2004";"407";"46"
"1243";"And Then...";"359347";"102496"
"1244";"Almost There";"422520";"68919"
"1245";"Show: A Night in the Life of Matchbox Twenty";"1039317";"326996"
"1246";"Damita Jo";"0";"0"
"1247";"Trapt";"4232159";"482634"
"1248";"Splinter";"7481439";"503284"
"1249";"My Town";"604884";"186250"
"1250";"The Young and the Hopeless";"8982832";"776514"
"1251";"Stripped";"15456144";"882308"
"1252";"The Truth About Men";"205459";"76262"
"1253";"Striking a Familiar Chord";"221893";"104537"
"1254";"The Best of Kylie Minogue";"902060";"62547"
"1255";"Beg For Mercy";"0";"1"
"1256";"Chocolate Factory";"1194530";"303676"
"1257";"The Senior";"0";"1"
"1258";"Honesty";"24423";"2245"
"1259";"Chris Cagle";"360190";"87742"
"1260";"Stacie Orrico";"1130635";"164303"
"1261";"Welcome Interstate Managers";"3330609";"312699"
"1262";"Rain On Me";"1813";"1010"
"1263";"Wave On Wave";"158037";"34595"
"1264";"Number Ones";"0";"0"
"1265";"2003-04-25: Minneapolis, MN, USA";"1557300";"437188"
"1266";"Oh, Inverted World";"20521110";"1120728"
"1267";"Illinois";"19608629";"598434"
"1268";"Transatlanticism";"30107412";"1016310"
"1269";"2006-02-04: Kulturbolaget, Malmö, Sweden";"9602";"7543"
"1270";"(What's the Story) Morning Glory?";"20026370";"1543190"
"1271";"Details";"11826567";"752234"
"1272";"2008-10-21: Comcast Arena, Everett, WA, USA";"9747";"5735"
"1273";"A Rush of Blood to the Head";"49568177";"2318150"
"1274";"2004-11-09: Seattle, WA, USA";"116466";"67958"
"1275";"KFOG Private Concert";"9439";"5051"
"1276";"Final Straw";"0";"0"
"1277";"Snakes on a Plane (Bring It)";"7720";"1404"
"1278";"In the Aeroplane Over the Sea";"29364895";"822147"
"1279";"Silent Alarm";"35853248";"1402621"
"1280";"Parachutes";"41706304";"2049906"
"1281";"Absolution";"57297766";"1872136"
"1282";"2004-04-16: Austin, TX, USA";"834977";"327748"
"1283";"The Bends";"0";"0"
"1284";"Revolver";"23335784";"744267"
"1285";"Around the Well";"3188163";"186203"
"1286";"Californication";"0";"0"
"1287";"Abbey Road";"38734735";"996076"
"1288";"Antics";"0";"0"
"1289";"A Mark, A Mission, A Brand, A Scar";"0";"1"
"1290";"Sublime";"0";"0"
"1291";"Saosin";"10290686";"427970"
"1292";"The Crane Wife";"9962312";"540691"
"1293";"The Information";"6585552";"397828"
"1294";"The Black Parade is Dead!";"887177";"78088"
"1295";"The Devil and God Are Raging Inside Me";"0";"0"
"1296";"Your Favorite Weapon";"9667085";"361940"
"1297";"Deja Entendu";"0";"0"
"1298";"Sgt. Pepper's Lonely Hearts Club Band";"0";"1"
"1299";"1";"17142477";"627325"
"1300";"Magical Mystery Tour";"0";"1"
"1301";"9";"13599011";"636758"
"1302";"Return To Cookie Mountain";"9275837";"555973"
"1303";"Black Holes and Revelations";"52447651";"1864702"
"1304";"Hissing Fauna, Are You the Destroyer?";"10410863";"402496"
"1305";"A Weekend In The City";"18038228";"892040"
"1306";"Cassadaga";"9325367";"453271"
"1307";"Elephant";"27009405";"1322279"
"1308";"Sky Blue Sky";"7376112";"330373"
"1309";"Lies For The Liars";"10022633";"461679"
"1310";"On Letting Go";"8319064";"276047"
"1311";"White Blood Cells";"0";"0"
"1312";"Our Love to Admire";"20131924";"1071643"
"1313";"2007-05-22: Le Grand Rex, Paris, France";"1344";"453"
"1314";"2008-02-18: Brabanthallen, Den Bosch, The Netherlands";"704";"284"
"1315";"Ga Ga Ga Ga Ga";"7798293";"472818"
"1316";"The Con";"0";"1"
"1317";"Let It Die";"0";"0"
"1318";"I'll Take The Blame EP";"268943";"62250"
"1319";"Discovery";"43422938";"1824913"
"1320";"The Alternate Abbey Road";"223818";"79837"
"1321";"Under The Blacklight";"5697464";"341422"
"1322";"Kala";"13580209";"600373"
"1323";"Strawberry Jam";"9228351";"370809"
"1324";"2006-07-03: Tavastia, Helsinki, Finland";"2799";"1371"
"1325";"Even If It Kills Me";"4726315";"259091"
"1326";"The Shepherd's Dog";"0";"0"
"1327";"2005-12-16: Trabendo Session, Paris, France";"1180";"701"
"1328";"OK Computer";"0";"0"
"1329";"Kid A";"35811421";"1310164"
"1330";"In Rainbows";"0";"0"
"1331";"Amnesiac";"25077130";"934708"
"1332";"The Flying Club Cup";"18418563";"536151"
"1333";"Chase This Light";"6939336";"333577"
"1334";"In Defense of the Genre";"4423683";"163129"
"1335";"Weezer";"11656153";"1097811"
"1336";"Nude";"28953";"5466"
"1337";"2002-08-05: Palacio de Congresos, Salamanca, Spain";"21047";"12477"
"1338";"In Rainbows Disk 2";"0";"1"
"1339";"Sound Of Silver";"12937129";"786293"
"1340";"Person Pitch";"0";"1"
"1341";"Boxer";"0";"1"
"1342";"The Cool";"4367538";"147259"
"1343";"Cease to Begin";"15678170";"763934"
"1344";"The Moldy Peaches";"3267597";"181701"
"1345";"Dear Catastrophe Waitress";"6636730";"343311"
"1346";"Remember That I Love You";"2348676";"209942"
"1347";"The Ultimate Collection";"2082287";"354663"
"1348";"The Covers Record";"5160649";"347253"
"1349";"Tigermilk";"4594340";"369140"
"1350";"Vampire Weekend";"0";"0"
"1351";"The Bedlam in Goliath";"5202096";"234260"
"1352";"Ghosts I-IV";"9115088";"250970"
"1353";"Saturdays = Youth";"12034940";"636346"
"1354";"The Slip";"7773304";"390145"
"1355";"Third";"0";"0"
"1356";"Fleet Foxes";"28655269";"979949"
"1357";"Feed the Animals";"7739248";"178268"
"1358";"The Singles 1999 - 2008";"601000";"13217"
"1359";"Modern Guilt";"8293074";"398481"
"1360";"Coastal Chill 09";"307";"31"
"1361";"For Emma, Forever Ago";"0";"0"
"1362";"Dear Science";"6321163";"261526"
"1363";"2008-10-11: Lupo's Heartbreak Hotel, Providence, RI, USA";"1186";"244"
"1364";"The Glass Passenger";"4920803";"97493"
"1365";"Perfect Symmetry";"6214214";"252511"
"1366";"Merriweather Post Pavilion";"20048813";"485494"
"1367";"Blood Bank";"6160848";"530378"
"1368";"Noble Beast";"5995790";"210370"
"1369";"Tonight: Franz Ferdinand";"0";"0"
"1370";"Incredibad";"0";"0"
"1371";"It's Blitz!";"19077575";"885960"
"1372";"Middle Cyclone";"3883254";"108526"
"1373";"The Hazards of Love";"5606054";"139042"
"1374";"Crack the Skye";"6808904";"189020"
"1375";"Manners";"20409895";"935974"
"1376";"Wilco (The Album)";"2975510";"99591"
"1377";"Veckatimest";"17476087";"518078"
"1378";"Relapse";"10908814";"536451"
"1379";"Two Suns";"12877351";"501444"
"1380";"The Ecstatic";"5189410";"323673"
"1381";"Bitte Orca";"4886622";"189673"
"1382";"Bad";"6351441";"583157"
"1383";"The Essential Michael Jackson";"0";"0"
"1384";"Far";"12098545";"342286"
"1385";"Horehound";"8742853";"436991"
"1386";"The Queen Is Dead";"17556907";"694324"
"1387";"Soviet Kitsch";"8516731";"359199"
"1388";"Sun Giant";"3760642";"298406"
"1389";"The Funeral";"420493";"166711"
"1390";"These Are My Twisted Words";"73975";"12227"
"1391";"Ellipse";"5447235";"269101"
"1392";"Daisy";"7791531";"201819"
"1393";"xx";"66019182";"1101856"
"1394";"1962-1966";"1466414";"64926"
"1395";"Man On The Moon: The End of The Day";"360873";"12098"
"1396";"Dat Kid From Cleveland";"1379267";"44554"
"1397";"Monsters of Folk";"3737629";"156039"
"1398";"Album";"5998023";"328495"
"1399";"Funeral";"0";"0"
"1400";"Contra";"21045727";"670509"
"1401";"Embryonic";"3919160";"130540"
"1402";"Say Anything";"3178133";"98756"
"1403";"iTunes Originals";"4945";"628"
"1404";"The Colour and the Shape";"19994881";"1445179"
"1405";"Phrazes For The Young";"5969178";"404896"
"1406";"Battle Studies";"12209065";"482667"
"1407";"Doolittle";"22119335";"1056517"
"1408";"Fall Be Kind";"1308127";"64932"
"1409";"Them Crooked Vultures";"0";"0"
"1410";"Teen Dream";"0";"1"
"1411";"Odd Blood";"9509242";"403665"
"1412";"Conditions";"13734417";"702723"
"1413";"Transference";"3604297";"243862"
"1414";"Broken Bells";"14038942";"684906"
"1415";"Have One on Me";"5420146";"99164"
"1416";"Plastic Beach";"0";"0"
"1417";"Plastic Beach Live";"49558";"3360"
"1418";"Congratulations";"10807435";"491851"
"1419";"Volume Two";"7295484";"202936"
"1420";"Up From Below";"6867250";"428010"
"1421";"Gorilla Manor";"12836003";"573180"
"1422";"This Is Happening";"8602459";"481131"
"1423";"Forgiveness Rock Record";"6277973";"339364"
"1424";"High Violet";"23920784";"456550"
"1425";"OMNI";"2407195";"109195"
"1426";"LP4";"4865997";"197541"
"1427";"Together";"2669661";"123745"
"1428";"Treats";"9895386";"477361"
"1429";"iTunes Session";"301677";"38852"
"1430";"Infinite Arms";"8179575";"468159"
"1431";"How to Destroy Angels";"2180171";"89821"
"1432";"Sir Lucious Left Foot... The Son of Chico Dusty";"103661";"5918"
"1433";"Crazy for You";"11016946";"283886"
"1434";"The Suburbs";"41947064";"694482"
"1435";"Neon Bible";"22127179";"906231"
"1436";"All Delighted People EP";"1751744";"77406"
"1437";"Devil In A New Dress";"20055";"3576"
"1438";"Lungs";"0";"0"
"1439";"Hurley";"1225665";"97861"
"1440";"Halcyon Digest";"8074030";"250395"
"1441";"The Age of Adz";"6851173";"229321"
"1442";"iTunes Live from SoHo";"79596";"6339"
"1443";"Invented";"2282850";"93178"
"1444";"Free Wired";"0";"1"
"1445";"Sidewalks";"2152733";"139281"
"1446";"All Day";"4015298";"99054"
"1447";"What Separates Me From You";"13471634";"324730"
"1448";"Triple J: Hottest 100, Volume 18";"2404";"727"
"1449";"Daft Club";"3766625";"332105"
"1450";"TRON: Legacy";"14476617";"541264"
"1451";"The Late Mixtape";"9303";"5251"
"1452";"The Fall";"4231026";"195522"
"1453";"The King Is Dead";"5949638";"329648"
"1454";"Zonoscope";"4624940";"237040"
"1455";"Kiss Each Other Clean";"2483695";"122963"
"1456";"Kaputt";"3740447";"147709"
"1457";"Helplessness Blues";"14032170";"573813"
"1458";"Angles";"0";"0"
"1459";"James Blake";"13802063";"451731"
"1460";"Is This It";"32230443";"1625544"
"1461";"The King of Limbs";"17924850";"526437"
"1462";"Wounded Rhymes";"10724916";"426976"
"1463";"EP";"1665190";"41322"
"1464";"Take Care, Take Care, Take Care";"3670336";"197961"
"1465";"Vices & Virtues";"6234506";"163908"
"1466";"Tomboy";"3379798";"176668"
"1467";"Live At Governor's Island";"28403";"2914"
"1468";"Nine Types of Light";"3599101";"231463"
"1469";"Supercollider / The Butcher";"220049";"18017"
"1470";"Hot Sauce Committee Part Two";"2913522";"195198"
"1471";"Goblin";"5696624";"166338"
"1472";"Burst Apart";"5569031";"230857"
"1473";"iTunes Session";"0";"1"
"1474";"Codes and Keys";"5988295";"262127"
"1475";"Circuital";"2308935";"168523"
"1476";"Cults";"7561254";"413545"
"1477";"Within and Without";"0";"0"
"1478";"The Rip Tide";"8025596";"383042"
"1479";"Hurry Up, We're Dreaming";"14939643";"486984"
"1480";"In the Mountain in the Cloud";"2529235";"154734"
"1481";"Tourist History";"25651556";"1059990"
"1482";"Ritual Union";"4574964";"251765"
"1483";"Passive Me, Aggressive You";"13406501";"579344"
"1484";"Thursday";"0";"1"
"1485";"Trilogy";"5594508";"207442"
"1486";"Tha Carter IV";"2372732";"228937"
"1487";"I’m With You";"102856";"7872"
"1488";"Strange Mercy";"6206416";"250319"
"1489";"A Night at the Opera";"7667230";"552682"
"1490";"Father, Son, Holy Ghost";"0";"1"
"1491";"Era Extraña";"3976767";"253025"
"1492";"Relax";"1395153";"87486"
"1493";"Freaking Out";"637784";"64316"
"1494";"Hysterical";"850504";"84461"
"1495";"The Whole Love";"2919396";"141841"
"1496";"The Hunter";"5323423";"115827"
"1497";"Metals";"6618493";"276180"
"1498";"People and Things";"939152";"31893"
"1499";"Siberia";"3267781";"83291"
"1500";"Enough Thunder";"1284522";"115198"
"1501";"Odd Soul";"1163161";"67870"
"1502";"Ashes & Fire";"0";"1"
"1503";"Days";"5488282";"207900"
"1504";"Audio, Video, Disco.";"2479339";"194064"
"1505";"Now That's What I Call 30 Years";"18208";"611"
"1506";"Good Vibrations: Thirty Years of The Beach Boys";"315351";"93997"
"1507";"Summer Dreams";"1300818";"364704"
"1508";"Long Live The King";"296004";"37717"
"1509";"Parallax";"2400242";"129200"
"1510";"Live";"13954";"1804"
"1511";"A Very She & Him Christmas";"2290770";"131952"
"1512";"Undun";"0";"1"
"1513";"Lioness: Hidden Treasures";"3348036";"195861"
"1514";"Echoes of Silence";"2394793";"59456"
"1515";"Elvis' Christmas Album";"943745";"248430"
"1516";"The Best of Wham!: If You Were There...";"693876";"240998"
"1517";"Bangarang";"1932609";"84963"
"1518";"The Year of Hibernation";"6323302";"309172"
"1519";"Port of Morrow";"6557398";"330638"
"1520";"Life of Leisure";"4485025";"315470"
"1521";"Reign of Terror";"3123503";"178111"
"1522";"BIRP! February 2012";"23203";"1248"
"1523";"Attack on Memory";"3102396";"146222"
"1524";"Matangi";"4750616";"146808"
"1525";"Be The Void";"1148609";"76501"
"1526";"Visions";"17279785";"436208"
"1527";"Break It Yourself";"2754327";"119894"
"1528";"Bloom";"10869564";"321714"
"1529";"MDNA";"0";"0"
"1530";"MDNA (Deluxe Version)";"1390759";"18195"
"1531";"Happy To You";"2585687";"207660"
"1532";"The Only Place";"2797352";"136727"
"1533";"Noctourniquet";"2103887";"68114"
"1534";"A Wasteland Companion";"1096861";"78681"
"1535";"Sweet Heart Sweet Light";"0";"0"
"1536";"Blunderbuss";"9677965";"361184"
"1537";"The Money Store";"5785433";"149461"
"1538";"Master of My Make-Believe";"3725225";"214552"
"1539";"Ill Communication";"8173877";"700047"
"1540";"Solid Gold Hits";"3235716";"287546"
"1541";"Check Your Head";"0";"1"
"1542";"Hang All DJ's, Volume 3";"23";"16"
"1543";"Neck Of The Woods";"2006104";"99183"
"1544";"Honeycomb / Gotham";"235835";"41326"
"1545";"Vows";"2547807";"106273"
"1546";"Heaven";"1898853";"98148"
"1547";"Here";"2089397";"163113"
"1548";"Celebration Rock";"3090294";"155140"
"1549";"Magic Hour";"433905";"61962"
"1550";"Synthetica";"0";"1"
"1551";"In Our Heads";"3946799";"194234"
"1552";"There's No Leaving Now";"2702668";"112282"
"1553";"The Idler Wheel Is Wiser Than the Driver of the Screw and Whipping Cords Will Serve You More Than Ropes Will Ever Do";"0";"0"
"1554";"Oceania";"1694911";"101012"
"1555";"Oshin";"5514176";"174929"
"1556";"Confess";"2932352";"115981"
"1557";"Swim Good";"538040";"158261"
"1558";"Swing Lo Magellan";"3081715";"135713"
"1559";"Gun Has No Trigger";"112169";"40859"
"1560";"Shrines";"9706576";"294084"
"1561";"Blazin' 2013";"18160";"6474"
"1562";"Yellow & Green";"2355664";"68707"
"1563";"Handwritten";"3038780";"91601"
"1564";"Undersea";"430427";"44142"
"1565";"Beacon";"8057223";"293866"
"1566";"Shields";"6734452";"256310"
"1567";"Coexist";"22686036";"562524"
"1568";"Fragrant World";"2062312";"114258"
"1569";"Four";"2513166";"122298"
"1570";"Centipede Hz";"2579823";"110071"
"1571";"Mature Themes";"1881386";"97115"
"1572";"Nocturne";"4006586";"149931"
"1573";"Infinity Overhead";"735021";"36757"
"1574";"A Thing Called Divine Fits";"1098783";"83267"
"1575";"Sun";"3384154";"193798"
"1576";"The North";"1485530";"67370"
"1577";"The Carpenter";"1660603";"107319"
"1578";"Love This Giant";"1748441";"98281"
"1579";"Mirage Rock";"1697131";"139064"
"1580";"The Sound Of The Life Of The Mind";"627201";"40219"
"1581";"No Love Deep Web";"2688308";"60168"
"1582";"Transcendental Youth";"1194812";"52519"
"1583";"Until the Quiet Comes";"4374092";"77981"
"1584";"Lonerism";"14184020";"418057"
"1585";"'Allelujah! Don't Bend! Ascend!";"701681";"50560"
"1586";"good kid, m.A.A.d city";"9123507";"316435"
"1587";"The Haunted Man";"3846091";"178616"
"1588";"18 Months";"0";"0"
"1589";"(III)";"7828414";"202323"
"1590";"Born to Die - The Paradise Edition";"14857104";"383117"
"1591";"Koi No Yokan";"5095456";"134660"
"1592";"King Animal";"0";"0"
"1593";"Losing You";"186665";"33295"
"1594";"Tracks From The Attic";"0";"1"
"1595";"Vicious Lies and Dangerous Rumors";"847087";"66717"
"1596";"An Awesome Wave";"27648986";"534271"
"1597";"A Charlie Brown Christmas";"2134995";"220462"
"1598";"Fade";"1802532";"116217"
"1599";"Boyhood (Music from the Motion Picture)";"7175";"300"
"1600";"Truant / Rough Sleeper";"363257";"51447"
"1601";"Anything in Return";"3592536";"139373"
"1602";"We Are the 21st Century Ambassadors of Peace & Magic";"2302628";"124103"
"1603";"Wolf's Law";"807449";"50151"
"1604";"Beta Love";"1022628";"88584"
"1605";"Hummingbird";"4042772";"170035"
"1606";"m b v";"2412868";"62463"
"1607";"Rumours";"11531232";"632315"
"1608";"Loveless";"17484241";"577972"
"1609";"Pedestrian Verse";"1516798";"62542"
"1610";"Overgrown";"5283186";"230386"
"1611";"Holy Fire";"9577894";"345820"
"1612";"Bankrupt!";"3354404";"159999"
"1613";"AMOK";"4387319";"113000"
"1614";"Comedown Machine";"5840269";"215604"
"1615";"When It Was Now";"1099162";"90409"
"1616";"You're Nothing";"1332707";"48668"
"1617";"Nightcall";"2341405";"265144"
"1618";"Eject, Part I";"32";"4"
"1619";"Anxiety";"1640202";"87866"
"1620";"OutRun";"3234546";"157143"
"1621";"The Next Day";"3628722";"146542"
"1622";"Odd Look";"176200";"35412"
"1623";"Wondrous Bughouse";"1688407";"104822"
"1624";"Woman";"4083428";"198435"
"1625";"Mosquito";"2330790";"133243"
"1626";"Welcome Oblivion";"1217752";"44702"
"1627";"First Rays of the New Rising Sun";"1143018";"134048"
"1628";"Muchacho";"1836617";"132890"
"1629";"Afraid Of Heights";"1789083";"62323"
"1630";"The Bones of What You Believe";"0";"0"
"1631";"Delta Machine";"0";"0"
"1632";"Modern Vampires of the City";"13360849";"359540"
"1633";"Dear Miss Lonelyhearts";"1216374";"101407"
"1634";"Shaking the Habitual";"2582151";"134225"
"1635";"Wakin On A Pretty Daze";"0";"1"
"1636";"Ghost On Ghost";"1062345";"75824"
"1637";"Indicud";"2537985";"105058"
"1638";"The North Borders";"6197022";"191235"
"1639";"Absolute Summer Hits 2013";"1554";"53"
"1640";"If You Leave";"6220884";"227278"
"1641";"Monomania";"2393882";"94032"
"1642";"Silence Yourself";"2039387";"105157"
"1643";"Sixteen Saltines";"296953";"70313"
"1644";"Over the Love";"58604";"2673"
"1645";"Like Drawing Blood";"0";"1"
"1646";"NRJ 200% Hits 2014";"2221";"201"
"1647";"Volume 3";"1692163";"72877"
"1648";"MCII";"0";"1"
"1649";"Music From Baz Luhrmann's Film The Great Gatsby";"107590";"3037"
"1650";"The Capitol Studios Session";"27248";"5360"
"1651";"Random Access Memories";"0";"0"
"1652";"Trouble Will Find Me";"14634390";"305084"
"1653";"Obsidian";"1880519";"80406"
"1654";"Tomorrow's Harvest";"5936228";"141352"
"1655";"Blurred Lines";"3365862";"360552"
"1656";"The Escapist";"393";"49"
"1657";"...Like Clockwork";"9430820";"265216"
"1658";"Evil Friends";"3853362";"159286"
"1659";"Deep Sounds Vol 2 (The Very Best Of Deep House)";"474";"14"
"1660";"Settle";"7026434";"331427"
"1661";"Born Sinner";"2121861";"102192"
"1662";"Ice on the Dune";"2746068";"117885"
"1663";"Run The Jewels";"0";"1"
"1664";"Slow Focus";"999008";"65864"
"1665";"Edward Sharpe & The Magnetic Zeros";"5265510";"447952"
"1666";"Paracosm";"2421235";"115387"
"1667";"Life In Color Vol. 9 (World's Largest Paint Party)";"1";"1"
"1668";"Body Music";"2495699";"98976"
"1669";"The Civil Wars";"1439668";"95246"
"1670";"Doris";"3986797";"114284"
"1671";"The Love Club EP";"2276344";"197289"
"1672";"Right Thoughts, Right Words, Right Action";"2531188";"71305"
"1673";"Hesitation Marks";"1644307";"290906"
"1674";"Repave";"1850968";"91225"
"1675";"The Worse Things Get, the Harder I Fight, the Harder I Fight, the More I Love You";"389759";"11734"
"1676";"MGMT";"0";"1"
"1677";"Kiss Land";"1724248";"71536"
"1678";"Work Bitch";"429388";"38451"
"1679";"Bravo Black Hits, Volume 30";"29";"19"
"1680";"Spreading Rumours";"971867";"67280"
"1681";"In Rolling Waves";"0";"1"
"1682";"Days Are Gone";"9049836";"277013"
"1683";"This Is... Icona Pop";"1692902";"131209"
"1684";"Old";"3670621";"103703"
"1685";"My Name Is My Name";"1816337";"85297"
"1686";"Psychic";"2618667";"122067"
"1687";"Bitter Rivals";"785543";"47530"
"1688";"Static";"1044088";"63538"
"1689";"Let's Be Still";"1231857";"81152"
"1690";"Fade Away";"539051";"42270"
"1691";"Transformer";"8761908";"783079"
"1692";"The Velvet Underground";"0";"0"
"1693";"The Marshall Mathers LP 2";"1478230";"33521"
"1694";"Free Your Mind";"1143872";"62652"
"1695";"NRJ Extravadance 2014";"2593";"106"
"1696";"Cupid Deluxe";"2629803";"128953"
"1697";"You And The Night";"213002";"17691"
"1698";"Summer Workout Hits";"748";"32"
"1699";"Led Zeppelin II";"0";"0"
"1700";"Led Zeppelin";"0";"0"
"1701";"Sunbather";"2158325";"87882"
"1702";"A Boy Named Charlie Brown";"333411";"52221"
"1703";"Is There Anybody Out There?";"1253023";"134293"
"1704";"Warpaint";"3750380";"132494"
"1705";"Morning Phase";"0";"0"
"1706";"Rave Tapes";"1735598";"82027"
"1707";"Transgender Dysphoria Blues";"1090831";"37385"
"1708";"Supermodel";"3535630";"150398"
"1709";"Mind Over Matter";"1069572";"80424"
"1710";"Montana";"46065";"16544"
"1711";"After the Disco";"0";"0"
"1712";"So Long, See You Tomorrow";"3086413";"155841"
"1713";"Benji";"1790517";"88989"
"1714";"Voices";"1856634";"98779"
"1715";"Love Death Immortality";"1281882";"56888"
"1716";"Burn Your Fire for No Witness";"1891692";"80871"
"1717";"St. Vincent";"0";"0"
"1718";"Eyelid Movies";"6054281";"287591"
"1719";"Atlas";"2941083";"119307"
"1720";"Lost in the Dream";"4555364";"181976"
"1721";"Awake";"0";"0"
"1722";"Live @ Boiler Room";"2984";"726"
"1723";"Spectre";"23320";"8365"
"1724";"Singles";"3039601";"141042"
"1725";"Salad Days";"4689955";"145729"
"1726";"Here and Nowhere Else";"1593442";"68083"
"1727";"It's Album Time";"0";"1"
"1728";"Illmatic";"8917842";"627271"
"1729";"New Eyes";"1508864";"172171"
"1730";"Lazaretto";"0";"0"
"1731";"The New Classic (Deluxe Version)";"3323751";"194459"
"1732";"Surfer Rosa";"8748362";"474731"
"1733";"Everyday Robots";"2523965";"124433"
"1734";"Shriek";"590087";"40648"
"1735";"Nikki Nack";"1023937";"69050"
"1736";"I Never Learn";"3074651";"142871"
"1737";"Sheezus";"1746939";"68832"
"1738";"Nabuma Rubberband";"1141250";"67837"
"1739";"To Be Kind";"0";"1"
"1740";"White Women";"1155865";"72454"
"1741";"Turn Blue";"0";"1"
"1742";"Upside Down Mountain";"639567";"41494"
"1743";"Coffee";"233571";"69812"
"1744";"Are We There";"1589888";"91931"
"1745";"Paste Sampler 143";"9";"7"
"1746";"Sunbathing Animal";"933032";"51898"
"1747";"The Powers That B: Niggas on the Moon";"0";"1"
"1748";"Lazaretto Demos";"232";"80"
"1749";"Stay Gold";"1639786";"96729"
"1750";"Familiars";"1042691";"57866"
"1751";"The Hunting Party";"2749421";"94159"
"1752";"Deep Fantasy";"532880";"27662"
"1753";"Once More ’Round the Sun";"1417";"173"
"1754";"High Road";"41203";"13059"
"1755";"""What Is This Heart?""";"652832";"57032"
"1756";"Break Free";"589982";"117914"
"1757";"The Physical World";"1363696";"67831"
"1758";"I Wanna Get Better";"0";"1"
"1759";"Strange Desire";"771711";"55059"
"1760";"My Everything (Deluxe)";"5063719";"229327"
"1761";"Trouble in Paradise";"1553737";"82399"
"1762";"Never Hungover Again";"0";"1"
"1763";"Everything Will Be Alright in the End";"1207994";"57237"
"1764";"Alvvays";"0";"1"
"1765";"The Voyager";"831574";"61716"
"1766";"They Want My Soul";"0";"1"
"1767";"LP1";"4316653";"152747"
"1768";"Lese Majesty";"855777";"34188"
"1769";"The Runaways";"1297597";"140049"
"1770";"Partners In Crime";"277370";"73303"
"1771";"Worlds";"1008221";"47780"
"1772";"Our Love";"2746327";"129024"
"1773";"My Everything";"2065733";"67532"
"1774";"El Pintor";"2615307";"104378"
"1775";"Evergreen";"751215";"36841"
"1776";"Seeds";"1115780";"71761"
"1777";"We Love Fitness 2";"22";"6"
"1778";"Songs of Innocence";"1928167";"81043"
"1779";"Goddess";"1892460";"90797"
"1780";"London";"1099061";"115669"
"1781";"Alibi";"622";"201"
"1782";"Ryan Adams";"788967";"43567"
"1783";"Brain";"282000";"51807"
"1784";"Drowning";"0";"1"
"1785";"Crush Songs";"667569";"30206"
"1786";"Syro";"2674432";"120770"
"1787";"Bleep: The Top 100 Tracks of 2014";"6658";"227"
"1788";"Too Bright";"1269933";"69058"
"1789";"Tomorrow’s Modern Boxes";"10736";"726"
"1790";"You're Dead!";"3241933";"90037"
"1791";"Sukierae";"1193";"36"
"1792";"Queen of the Clouds";"2193187";"138029"
"1793";"Art Official Age";"407979";"31528"
"1794";"Kauai";"671712";"56107"
"1795";"STN MTN / KAUAI";"55217";"1150"
"1796";"Wonder Where We Land";"1380096";"72852"
"1797";"... and Star Power";"10598";"482"
"1798";"Oh My Darling Don't Cry";"0";"1"
"1799";"Run The Jewels 2";"3346269";"99553"
"1800";"Panda Bear Meets the Grim Reaper";"1121161";"53387"
"1801";"I Forget Where We Were";"1761749";"120267"
"1802";"Mr Noah";"217083";"33895"
"1803";".5: The Gray Chapter";"0";"0"
"1804";"Ruins";"694543";"40844"
"1805";"What A Terrible World, What A Beautiful World";"0";"1"
"1806";"Broke with Expensive Taste";"2669397";"59143"
"1807";"Heavy Metal and Reflective";"61651";"8963"
"1808";"Before the Expensive Taste";"92248";"1823"
"1809";"Xen";"732925";"33221"
"1810";"Motion";"0";"1"
"1811";"The Endless River";"0";"0"
"1812";"Forever and Ever";"1179";"106"
"1813";"Sonic Highways";"1779692";"100819"
"1814";"My Favourite Faded Fantasy";"0";"1"
"1815";"Clark";"832818";"37600"
"1816";"pom pom";"1298871";"52132"
"1817";"Push Pull";"127310";"38353"
"1818";"Prisoners Of Love";"190614";"15209"
"1819";"Monuments To An Elegy";"364945";"31875"
"1820";"200 Press";"21921";"2338"
"1821";"Lampshades On Fire";"167300";"51878"
"1822";"Living For Love";"147297";"26093"
"1823";"Firestone";"1017";"454"
"1824";"Hot N*gga";"171905";"40353"
"1825";"The Hunger Games: Mockingjay, Part 1";"2766";"202"
"1826";"The Eminem Show";"0";"0"
"1827";"Hozier";"3420723";"242095"
"1828";"Did You Hear the Rain?";"0";"1"
"1829";"Christmas Portrait";"408739";"99957"
"1830";"That's Christmas to Me";"320134";"31257"
"1831";"I Can't Stop Drinking About You";"71587";"19394"
"1832";"G.R.L.";"247779";"52236"
"1833";"Warriors";"480652";"85734"
"1834";"X2C";"66153";"16976"
"1835";"Montevallo";"190252";"20554"
"1836";"Undressed";"416329";"67888"
"1837";"Hitbreaker 2/2014 disc 1";"26";"6"
"1838";"All About You";"141544";"24901"
"1839";"The Fox (What Does The Fox Say?)";"69902";"15476"
"1840";"Hall Of Fame";"811760";"48777"
"1841";"100X Zomer 2014";"70";"13"
"1842";"BBC Radio 1's Live Lounge 2013 (Deluxe Version)";"95090";"1993"
"1843";"The Dome, Volume 65";"139";"42"
"1844";;"0";"0"
